MMSI,BaseDateTime,LAT,LON,SOG,COG,Heading,VesselName,IMO,CallSign,VesselType,Status,Length,Width,Draft,Cargo
240555001,2024-08-22T18:00:00Z,35.5,18.8,13.0,260.1,260,GLOBAL HOPE,9055001,CALL1,1001.0,0,180.0,28.0,14.0,1001
240555002,2024-08-22T18:00:00Z,33.2,17.2,11.0,80.6,80,ISLAND TRADER,9055002,CALL2,1001.0,0,180.0,28.0,14.0,1001
240555003,2024-08-22T18:00:00Z,34.1,19.5,16.8,309.7,310,CMA CGM MED,9055003,CALL3,1001.0,0,180.0,28.0,14.0,1001
240555001,2024-08-22T18:05:00Z,35.49687,18.77816,13.2,259.6,260,GLOBAL HOPE,9055001,CALL1,1001.0,0,180.0,28.0,14.0,1001
240555002,2024-08-22T18:05:00Z,33.20265,17.21798,11.0,79.4,80,ISLAND TRADER,9055002,CALL2,1001.0,0,180.0,28.0,14.0,1001
240555003,2024-08-22T18:05:00Z,34.11517,19.47816,17.0,309.4,310,CMA CGM MED,9055003,CALL3,1001.0,0,180.0,28.0,14.0,1001
240555001,2024-08-22T18:10:00Z,35.49373,18.75633,13.1,260.3,260,GLOBAL HOPE,9055001,CALL1,1001.0,0,180.0,28.0,14.0,1001
240555002,2024-08-22T18:10:00Z,33.20531,17.23596,11.2,78.8,80,ISLAND TRADER,9055002,CALL2,1001.0,0,180.0,28.0,14.0,1001
240555003,2024-08-22T18:10:00Z,34.13035,19.45632,17.1,309.1,310,CMA CGM MED,9055003,CALL3,1001.0,0,180.0,28.0,14.0,1001
240555001,2024-08-22T18:15:00Z,35.4906,18.73449,12.8,259.7,260,GLOBAL HOPE,9055001,CALL1,1001.0,0,180.0,28.0,14.0,1001
240555002,2024-08-22T18:15:00Z,33.20796,17.25393,10.9,80.4,80,ISLAND TRADER,9055002,CALL2,1001.0,0,180.0,28.0,14.0,1001
240555003,2024-08-22T18:15:00Z,34.14552,19.43447,17.1,310.4,310,CMA CGM MED,9055003,CALL3,1001.0,0,180.0,28.0,14.0,1001
240555002,2024-08-22T18:20:00Z,33.21061,17.27191,11.0,79.3,80,ISLAND TRADER,9055002,CALL2,1001.0,0,180.0,28.0,14.0,1001
240555003,2024-08-22T18:20:00Z,34.1607,19.41262,16.9,310.3,310,CMA CGM MED,9055003,CALL3,1001.0,0,180.0,28.0,14.0,1001
240555001,2024-08-22T18:20:00Z,35.48746,18.71266,13.1,260.2,260,GLOBAL HOPE,9055001,CALL1,1001.0,0,180.0,28.0,14.0,1001
240555003,2024-08-22T18:25:00Z,34.17587,19.39077,16.9,310.2,310,CMA CGM MED,9055003,CALL3,1001.0,0,180.0,28.0,14.0,1001
240555001,2024-08-22T18:25:00Z,35.48433,18.69082,13.0,260.5,260,GLOBAL HOPE,9055001,CALL1,1001.0,0,180.0,28.0,14.0,1001
240555002,2024-08-22T18:25:00Z,33.21326,17.28989,11.1,79.7,80,ISLAND TRADER,9055002,CALL2,1001.0,0,180.0,28.0,14.0,1001
240555003,2024-08-22T18:30:00Z,34.19105,19.36891,16.9,310.4,310,CMA CGM MED,9055003,CALL3,1001.0,0,180.0,28.0,14.0,1001
240555001,2024-08-22T18:30:00Z,35.48119,18.66899,13.1,259.7,260,GLOBAL HOPE,9055001,CALL1,1001.0,0,180.0,28.0,14.0,1001
240555002,2024-08-22T18:30:00Z,33.21592,17.30787,10.8,79.8,80,ISLAND TRADER,9055002,CALL2,1001.0,0,180.0,28.0,14.0,1001
240555003,2024-08-22T18:35:00Z,34.20622,19.34704,17.1,309.5,310,CMA CGM MED,9055003,CALL3,1001.0,0,180.0,28.0,14.0,1001
240555002,2024-08-22T18:35:00Z,33.21857,17.32586,11.2,80.0,80,ISLAND TRADER,9055002,CALL2,1001.0,0,180.0,28.0,14.0,1001
240555001,2024-08-22T18:35:00Z,35.47806,18.64716,13.0,260.3,260,GLOBAL HOPE,9055001,CALL1,1001.0,0,180.0,28.0,14.0,1001
240555002,2024-08-22T18:40:00Z,33.22122,17.34384,10.9,79.3,80,ISLAND TRADER,9055002,CALL2,1001.0,0,180.0,28.0,14.0,1001
240555003,2024-08-22T18:40:00Z,34.22139,19.32518,17.2,309.5,310,CMA CGM MED,9055003,CALL3,1001.0,0,180.0,28.0,14.0,1001
240555001,2024-08-22T18:40:00Z,35.47492,18.62532,13.2,260.2,260,GLOBAL HOPE,9055001,CALL1,1001.0,0,180.0,28.0,14.0,1001
240555002,2024-08-22T18:45:00Z,33.22387,17.36182,11.1,80.1,80,ISLAND TRADER,9055002,CALL2,1001.0,0,180.0,28.0,14.0,1001
240555003,2024-08-22T18:45:00Z,34.23657,19.30331,16.9,310.1,310,CMA CGM MED,9055003,CALL3,1001.0,0,180.0,28.0,14.0,1001
240555001,2024-08-22T18:45:00Z,35.47179,18.60349,13.1,260.3,260,GLOBAL HOPE,9055001,CALL1,1001.0,0,180.0,28.0,14.0,1001
240555002,2024-08-22T18:50:00Z,33.22653,17.3798,11.0,80.3,80,ISLAND TRADER,9055002,CALL2,1001.0,0,180.0,28.0,14.0,1001
240555003,2024-08-22T18:50:00Z,34.25174,19.28143,16.9,309.6,310,CMA CGM MED,9055003,CALL3,1001.0,0,180.0,28.0,14.0,1001
240555001,2024-08-22T18:50:00Z,35.46865,18.58166,13.0,260.1,260,GLOBAL HOPE,9055001,CALL1,1001.0,0,180.0,28.0,14.0,1001
240555003,2024-08-22T18:55:00Z,34.26692,19.25955,16.9,309.5,310,CMA CGM MED,9055003,CALL3,1001.0,0,180.0,28.0,14.0,1001
240555001,2024-08-22T18:55:00Z,35.46552,18.55984,13.2,260.3,260,GLOBAL HOPE,9055001,CALL1,1001.0,0,180.0,28.0,14.0,1001
240555002,2024-08-22T18:55:00Z,33.22918,17.39778,10.8,79.8,80,ISLAND TRADER,9055002,CALL2,1001.0,0,180.0,28.0,14.0,1001
240555001,2024-08-22T19:00:00Z,35.46238,18.53801,12.9,260.3,260,GLOBAL HOPE,9055001,CALL1,1001.0,0,180.0,28.0,14.0,1001
240555002,2024-08-22T19:00:00Z,33.23183,17.41577,11.1,80.7,80,ISLAND TRADER,9055002,CALL2,1001.0,0,180.0,28.0,14.0,1001
240555003,2024-08-22T19:00:00Z,34.28209,19.23767,17.0,310.1,310,CMA CGM MED,9055003,CALL3,1001.0,0,180.0,28.0,14.0,1001
240555001,2024-08-22T19:05:00Z,35.45925,18.51618,13.0,259.4,260,GLOBAL HOPE,9055001,CALL1,1001.0,0,180.0,28.0,14.0,1001
240555002,2024-08-22T19:05:00Z,33.23448,17.43375,10.9,80.8,80,ISLAND TRADER,9055002,CALL2,1001.0,0,180.0,28.0,14.0,1001
240555003,2024-08-22T19:05:00Z,34.29727,19.21579,17.0,309.7,310,CMA CGM MED,9055003,CALL3,1001.0,0,180.0,28.0,14.0,1001
240555002,2024-08-22T19:10:00Z,33.23714,17.45174,11.0,79.5,80,ISLAND TRADER,9055002,CALL2,1001.0,0,180.0,28.0,14.0,1001
240555003,2024-08-22T19:10:00Z,34.31244,19.1939,17.1,310.1,310,CMA CGM MED,9055003,CALL3,1001.0,0,180.0,28.0,14.0,1001
240555001,2024-08-22T19:10:00Z,35.45611,18.49435,13.0,260.1,260,GLOBAL HOPE,9055001,CALL1,1001.0,0,180.0,28.0,14.0,1001
240555003,2024-08-22T19:15:00Z,34.32761,19.172,17.0,310.2,310,CMA CGM MED,9055003,CALL3,1001.0,0,180.0,28.0,14.0,1001
240555001,2024-08-22T19:15:00Z,35.45298,18.47253,12.9,259.8,260,GLOBAL HOPE,9055001,CALL1,1001.0,0,180.0,28.0,14.0,1001
240555002,2024-08-22T19:15:00Z,33.23979,17.46972,11.0,80.3,80,ISLAND TRADER,9055002,CALL2,1001.0,0,180.0,28.0,14.0,1001
240555003,2024-08-22T19:20:00Z,34.34279,19.1501,17.0,309.4,310,CMA CGM MED,9055003,CALL3,1001.0,0,180.0,28.0,14.0,1001
240555001,2024-08-22T19:20:00Z,35.44984,18.4507,13.0,259.9,260,GLOBAL HOPE,9055001,CALL1,1001.0,0,180.0,28.0,14.0,1001
240555002,2024-08-22T19:20:00Z,33.24244,17.48771,10.7,79.7,80,ISLAND TRADER,9055002,CALL2,1001.0,0,180.0,28.0,14.0,1001
240555003,2024-08-22T19:25:00Z,34.35796,19.1282,17.1,310.1,310,CMA CGM MED,9055003,CALL3,1001.0,0,180.0,28.0,14.0,1001
240555001,2024-08-22T19:25:00Z,35.44671,18.42888,12.9,259.5,260,GLOBAL HOPE,9055001,CALL1,1001.0,0,180.0,28.0,14.0,1001
240555002,2024-08-22T19:25:00Z,33.24509,17.50569,11.1,80.1,80,ISLAND TRADER,9055002,CALL2,1001.0,0,180.0,28.0,14.0,1001
240555001,2024-08-22T19:30:00Z,35.44357,18.40706,12.9,259.8,260,GLOBAL HOPE,9055001,CALL1,1001.0,0,180.0,28.0,14.0,1001
240555002,2024-08-22T19:30:00Z,33.24775,17.52368,11.0,79.7,80,ISLAND TRADER,9055002,CALL2,1001.0,0,180.0,28.0,14.0,1001
240555003,2024-08-22T19:30:00Z,34.37314,19.1063,17.1,311.1,310,CMA CGM MED,9055003,CALL3,1001.0,0,180.0,28.0,14.0,1001
240555002,2024-08-22T19:35:00Z,33.2504,17.54167,10.8,80.3,80,ISLAND TRADER,9055002,CALL2,1001.0,0,180.0,28.0,14.0,1001
240555003,2024-08-22T19:35:00Z,34.38831,19.08439,17.1,309.8,310,CMA CGM MED,9055003,CALL3,1001.0,0,180.0,28.0,14.0,1001
240555001,2024-08-22T19:35:00Z,35.44044,18.38523,13.1,259.6,260,GLOBAL HOPE,9055001,CALL1,1001.0,0,180.0,28.0,14.0,1001
240555002,2024-08-22T19:40:00Z,33.25305,17.55966,11.0,80.3,80,ISLAND TRADER,9055002,CALL2,1001.0,0,180.0,28.0,14.0,1001
240555003,2024-08-22T19:40:00Z,34.40349,19.06247,17.1,309.8,310,CMA CGM MED,9055003,CALL3,1001.0,0,180.0,28.0,14.0,1001
240555001,2024-08-22T19:40:00Z,35.4373,18.36341,13.1,259.6,260,GLOBAL HOPE,9055001,CALL1,1001.0,0,180.0,28.0,14.0,1001
240555002,2024-08-22T19:45:00Z,33.2557,17.57765,11.0,79.6,80,ISLAND TRADER,9055002,CALL2,1001.0,0,180.0,28.0,14.0,1001
240555001,2024-08-22T19:45:00Z,35.43417,18.34159,13.2,260.0,260,GLOBAL HOPE,9055001,CALL1,1001.0,0,180.0,28.0,14.0,1001
240555003,2024-08-22T19:45:00Z,34.41866,19.04055,16.9,309.9,310,CMA CGM MED,9055003,CALL3,1001.0,0,180.0,28.0,14.0,1001
240555001,2024-08-22T19:50:00Z,35.43103,18.31977,13.0,259.7,260,GLOBAL HOPE,9055001,CALL1,1001.0,0,180.0,28.0,14.0,1001
240555002,2024-08-22T19:50:00Z,33.25836,17.59564,11.0,80.2,80,ISLAND TRADER,9055002,CALL2,1001.0,0,180.0,28.0,14.0,1001
240555003,2024-08-22T19:50:00Z,34.43384,19.01863,17.0,309.8,310,CMA CGM MED,9055003,CALL3,1001.0,0,180.0,28.0,14.0,1001
240555001,2024-08-22T19:55:00Z,35.4279,18.29795,13.2,259.2,260,GLOBAL HOPE,9055001,CALL1,1001.0,0,180.0,28.0,14.0,1001
240555002,2024-08-22T19:55:00Z,33.26101,17.61362,11.0,80.2,80,ISLAND TRADER,9055002,CALL2,1001.0,0,180.0,28.0,14.0,1001
240555003,2024-08-22T19:55:00Z,34.44901,18.99671,17.1,310.1,310,CMA CGM MED,9055003,CALL3,1001.0,0,180.0,28.0,14.0,1001
240555002,2024-08-22T20:00:00Z,33.26366,17.63162,11.1,79.8,80,ISLAND TRADER,9055002,CALL2,1001.0,0,180.0,28.0,14.0,1001
240555003,2024-08-22T20:00:00Z,34.46418,18.97478,17.0,309.8,310,CMA CGM MED,9055003,CALL3,1001.0,0,180.0,28.0,14.0,1001
240555001,2024-08-22T20:00:00Z,35.42477,18.27614,13.1,260.2,260,GLOBAL HOPE,9055001,CALL1,1001.0,0,180.0,28.0,14.0,1001
240555003,2024-08-22T20:05:00Z,34.47936,18.95284,17.0,310.1,310,CMA CGM MED,9055003,CALL3,1001.0,0,180.0,28.0,14.0,1001
240555001,2024-08-22T20:05:00Z,35.42163,18.25432,12.9,261.2,260,GLOBAL HOPE,9055001,CALL1,1001.0,0,180.0,28.0,14.0,1001
240555002,2024-08-22T20:05:00Z,33.26631,17.64961,10.9,80.3,80,ISLAND TRADER,9055002,CALL2,1001.0,0,180.0,28.0,14.0,1001
240555003,2024-08-22T20:10:00Z,34.49453,18.9309,17.2,309.6,310,CMA CGM MED,9055003,CALL3,1001.0,0,180.0,28.0,14.0,1001
240555001,2024-08-22T20:10:00Z,35.4185,18.2325,13.0,260.2,260,GLOBAL HOPE,9055001,CALL1,1001.0,0,180.0,28.0,14.0,1001
240555002,2024-08-22T20:10:00Z,33.26897,17.6676,11.0,80.5,80,ISLAND TRADER,9055002,CALL2,1001.0,0,180.0,28.0,14.0,1001
240555003,2024-08-22T20:15:00Z,34.50971,18.90896,16.9,309.8,310,CMA CGM MED,9055003,CALL3,1001.0,0,180.0,28.0,14.0,1001
240555002,2024-08-22T20:15:00Z,33.27162,17.68559,11.1,79.9,80,ISLAND TRADER,9055002,CALL2,1001.0,0,180.0,28.0,14.0,1001
240555001,2024-08-22T20:15:00Z,35.41536,18.21069,13.0,259.7,260,GLOBAL HOPE,9055001,CALL1,1001.0,0,180.0,28.0,14.0,1001
240555002,2024-08-22T20:20:00Z,33.27427,17.70358,11.0,80.8,80,ISLAND TRADER,9055002,CALL2,1001.0,0,180.0,28.0,14.0,1001
240555003,2024-08-22T20:20:00Z,34.52488,18.88702,17.0,310.2,310,CMA CGM MED,9055003,CALL3,1001.0,0,180.0,28.0,14.0,1001
240555001,2024-08-22T20:20:00Z,35.41223,18.18887,13.0,259.9,260,GLOBAL HOPE,9055001,CALL1,1001.0,0,180.0,28.0,14.0,1001
240555002,2024-08-22T20:25:00Z,33.27692,17.72157,11.0,80.9,80,ISLAND TRADER,9055002,CALL2,1001.0,0,180.0,28.0,14.0,1001
240555003,2024-08-22T20:25:00Z,34.54006,18.86507,17.0,310.4,310,CMA CGM MED,9055003,CALL3,1001.0,0,180.0,28.0,14.0,1001
240555001,2024-08-22T20:25:00Z,35.40909,18.16706,12.9,260.1,260,GLOBAL HOPE,9055001,CALL1,1001.0,0,180.0,28.0,14.0,1001
240555002,2024-08-22T20:30:00Z,33.27958,17.73957,11.0,79.9,80,ISLAND TRADER,9055002,CALL2,1001.0,0,180.0,28.0,14.0,1001
240555003,2024-08-22T20:30:00Z,34.55523,18.84311,17.0,310.2,310,CMA CGM MED,9055003,CALL3,1001.0,0,180.0,28.0,14.0,1001
240555001,2024-08-22T20:30:00Z,35.40596,18.14525,12.8,259.8,260,GLOBAL HOPE,9055001,CALL1,1001.0,0,180.0,28.0,14.0,1001
240555003,2024-08-22T20:35:00Z,34.5704,18.82115,16.9,308.6,310,CMA CGM MED,9055003,CALL3,1001.0,0,180.0,28.0,14.0,1001
240555001,2024-08-22T20:35:00Z,35.40282,18.12344,12.9,260.6,260,GLOBAL HOPE,9055001,CALL1,1001.0,0,180.0,28.0,14.0,1001
240555002,2024-08-22T20:35:00Z,33.28223,17.75756,11.1,79.3,80,ISLAND TRADER,9055002,CALL2,1001.0,0,180.0,28.0,14.0,1001
240555001,2024-08-22T20:40:00Z,35.39969,18.10162,13.1,259.7,260,GLOBAL HOPE,9055001,CALL1,1001.0,0,180.0,28.0,14.0,1001
240555002,2024-08-22T20:40:00Z,33.28488,17.77556,10.9,79.6,80,ISLAND TRADER,9055002,CALL2,1001.0,0,180.0,28.0,14.0,1001
240555003,2024-08-22T20:40:00Z,34.58558,18.79919,16.9,309.8,310,CMA CGM MED,9055003,CALL3,1001.0,0,180.0,28.0,14.0,1001
240555001,2024-08-22T20:45:00Z,35.39655,18.07981,13.1,260.4,260,GLOBAL HOPE,9055001,CALL1,1001.0,0,180.0,28.0,14.0,1001
240555002,2024-08-22T20:45:00Z,33.28753,17.79355,10.8,79.0,80,ISLAND TRADER,9055002,CALL2,1001.0,0,180.0,28.0,14.0,1001
240555003,2024-08-22T20:45:00Z,34.60075,18.77723,17.0,310.5,310,CMA CGM MED,9055003,CALL3,1001.0,0,180.0,28.0,14.0,1001
240555001,2024-08-22T20:50:00Z,35.39342,18.058,13.1,259.8,260,GLOBAL HOPE,9055001,CALL1,1001.0,0,180.0,28.0,14.0,1001
240555003,2024-08-22T20:50:00Z,34.61593,18.75526,17.0,310.1,310,CMA CGM MED,9055003,CALL3,1001.0,0,180.0,28.0,14.0,1001
240555002,2024-08-22T20:50:00Z,33.29019,17.81155,11.1,79.4,80,ISLAND TRADER,9055002,CALL2,1001.0,0,180.0,28.0,14.0,1001
240555003,2024-08-22T20:55:00Z,34.6311,18.73328,17.1,310.0,310,CMA CGM MED,9055003,CALL3,1001.0,0,180.0,28.0,14.0,1001
240555001,2024-08-22T20:55:00Z,35.39028,18.0362,13.3,260.4,260,GLOBAL HOPE,9055001,CALL1,1001.0,0,180.0,28.0,14.0,1001
240555002,2024-08-22T20:55:00Z,33.29284,17.82954,11.0,79.6,80,ISLAND TRADER,9055002,CALL2,1001.0,0,180.0,28.0,14.0,1001
240555003,2024-08-22T21:00:00Z,34.64628,18.71131,17.0,310.1,310,CMA CGM MED,9055003,CALL3,1001.0,0,180.0,28.0,14.0,1001
240555001,2024-08-22T21:00:00Z,35.38715,18.01439,13.1,259.4,260,GLOBAL HOPE,9055001,CALL1,1001.0,0,180.0,28.0,14.0,1001
240555002,2024-08-22T21:00:00Z,33.29549,17.84754,11.0,81.2,80,ISLAND TRADER,9055002,CALL2,1001.0,0,180.0,28.0,14.0,1001
240555003,2024-08-22T21:05:00Z,34.66145,18.68932,17.1,310.3,310,CMA CGM MED,9055003,CALL3,1001.0,0,180.0,28.0,14.0,1001
240555001,2024-08-22T21:05:00Z,35.38401,17.99258,13.1,261.0,260,GLOBAL HOPE,9055001,CALL1,1001.0,0,180.0,28.0,14.0,1001
240555002,2024-08-22T21:05:00Z,33.29814,17.86554,11.1,80.7,80,ISLAND TRADER,9055002,CALL2,1001.0,0,180.0,28.0,14.0,1001
240555001,2024-08-22T21:10:00Z,35.38088,17.97078,12.9,260.5,260,GLOBAL HOPE,9055001,CALL1,1001.0,0,180.0,28.0,14.0,1001
240555002,2024-08-22T21:10:00Z,33.3008,17.88354,11.1,80.5,80,ISLAND TRADER,9055002,CALL2,1001.0,0,180.0,28.0,14.0,1001
240555003,2024-08-22T21:10:00Z,34.67662,18.66734,17.1,309.8,310,CMA CGM MED,9055003,CALL3,1001.0,0,180.0,28.0,14.0,1001
240555002,2024-08-22T21:15:00Z,33.30345,17.90153,11.2,80.6,80,ISLAND TRADER,9055002,CALL2,1001.0,0,180.0,28.0,14.0,1001
240555003,2024-08-22T21:15:00Z,34.6918,18.64535,16.9,309.5,310,CMA CGM MED,9055003,CALL3,1001.0,0,180.0,28.0,14.0,1001
240555001,2024-08-22T21:15:00Z,35.37774,17.94897,13.1,260.5,260,GLOBAL HOPE,9055001,CALL1,1001.0,0,180.0,28.0,14.0,1001
240555002,2024-08-22T21:20:00Z,33.3061,17.91953,11.1,79.9,80,ISLAND TRADER,9055002,CALL2,1001.0,0,180.0,28.0,14.0,1001
240555003,2024-08-22T21:20:00Z,34.70697,18.62335,16.9,309.3,310,CMA CGM MED,9055003,CALL3,1001.0,0,180.0,28.0,14.0,1001
240555001,2024-08-22T21:20:00Z,35.37461,17.92717,13.1,260.4,260,GLOBAL HOPE,9055001,CALL1,1001.0,0,180.0,28.0,14.0,1001
240555003,2024-08-22T21:25:00Z,34.72215,18.60136,16.9,309.8,310,CMA CGM MED,9055003,CALL3,1001.0,0,180.0,28.0,14.0,1001
240555001,2024-08-22T21:25:00Z,35.37147,17.90536,13.1,259.8,260,GLOBAL HOPE,9055001,CALL1,1001.0,0,180.0,28.0,14.0,1001
240555002,2024-08-22T21:25:00Z,33.30875,17.93753,11.0,79.2,80,ISLAND TRADER,9055002,CALL2,1001.0,0,180.0,28.0,14.0,1001
240555001,2024-08-22T21:30:00Z,35.36834,17.88356,13.0,259.8,260,GLOBAL HOPE,9055001,CALL1,1001.0,0,180.0,28.0,14.0,1001
240555002,2024-08-22T21:30:00Z,33.31141,17.95553,10.8,80.3,80,ISLAND TRADER,9055002,CALL2,1001.0,0,180.0,28.0,14.0,1001
240555003,2024-08-22T21:30:00Z,34.73732,18.57935,17.0,310.6,310,CMA CGM MED,9055003,CALL3,1001.0,0,180.0,28.0,14.0,1001
240555001,2024-08-22T21:35:00Z,35.3652,17.86176,13.1,260.0,260,GLOBAL HOPE,9055001,CALL1,1001.0,0,180.0,28.0,14.0,1001
240555002,2024-08-22T21:35:00Z,33.31406,17.97353,11.0,80.6,80,ISLAND TRADER,9055002,CALL2,1001.0,0,180.0,28.0,14.0,1001
240555003,2024-08-22T21:35:00Z,34.7525,18.55735,17.1,309.3,310,CMA CGM MED,9055003,CALL3,1001.0,0,180.0,28.0,14.0,1001
240555001,2024-08-22T21:40:00Z,35.36207,17.83996,13.2,259.5,260,GLOBAL HOPE,9055001,CALL1,1001.0,0,180.0,28.0,14.0,1001
240555002,2024-08-22T21:40:00Z,33.31671,17.99153,11.0,80.0,80,ISLAND TRADER,9055002,CALL2,1001.0,0,180.0,28.0,14.0,1001
240555003,2024-08-22T21:40:00Z,34.76767,18.53534,17.0,309.2,310,CMA CGM MED,9055003,CALL3,1001.0,0,180.0,28.0,14.0,1001
240555002,2024-08-22T21:45:00Z,33.31936,18.00954,10.9,80.0,80,ISLAND TRADER,9055002,CALL2,1001.0,0,180.0,28.0,14.0,1001
240555003,2024-08-22T21:45:00Z,34.78284,18.51332,17.0,311.2,310,CMA CGM MED,9055003,CALL3,1001.0,0,180.0,28.0,14.0,1001
240555001,2024-08-22T21:45:00Z,35.35894,17.81816,13.1,260.0,260,GLOBAL HOPE,9055001,CALL1,1001.0,0,180.0,28.0,14.0,1001
240555003,2024-08-22T21:50:00Z,34.79802,18.4913,16.9,309.9,310,CMA CGM MED,9055003,CALL3,1001.0,0,180.0,28.0,14.0,1001
240555001,2024-08-22T21:50:00Z,35.3558,17.79636,13.0,260.6,260,GLOBAL HOPE,9055001,CALL1,1001.0,0,180.0,28.0,14.0,1001
240555002,2024-08-22T21:50:00Z,33.32202,18.02754,11.1,79.9,80,ISLAND TRADER,9055002,CALL2,1001.0,0,180.0,28.0,14.0,1001
240555003,2024-08-22T21:55:00Z,34.81319,18.46928,17.0,309.4,310,CMA CGM MED,9055003,CALL3,1001.0,0,180.0,28.0,14.0,1001
240555001,2024-08-22T21:55:00Z,35.35267,17.77456,13.1,260.8,260,GLOBAL HOPE,9055001,CALL1,1001.0,0,180.0,28.0,14.0,1001
240555002,2024-08-22T21:55:00Z,33.32467,18.04554,10.9,80.1,80,ISLAND TRADER,9055002,CALL2,1001.0,0,180.0,28.0,14.0,1001
240555003,2024-08-22T22:00:00Z,34.82837,18.44726,17.0,310.2,310,CMA CGM MED,9055003,CALL3,1001.0,0,180.0,28.0,14.0,1001
240555002,2024-08-22T22:00:00Z,33.32732,18.06354,11.2,79.9,80,ISLAND TRADER,9055002,CALL2,1001.0,0,180.0,28.0,14.0,1001
240555001,2024-08-22T22:00:00Z,35.34953,17.75276,12.8,259.1,260,GLOBAL HOPE,9055001,CALL1,1001.0,0,180.0,28.0,14.0,1001
240555002,2024-08-22T22:05:00Z,33.32997,18.08155,10.9,80.1,80,ISLAND TRADER,9055002,CALL2,1001.0,0,180.0,28.0,14.0,1001
240555003,2024-08-22T22:05:00Z,34.84354,18.42522,17.1,310.2,310,CMA CGM MED,9055003,CALL3,1001.0,0,180.0,28.0,14.0,1001
240555001,2024-08-22T22:05:00Z,35.3464,17.73097,13.0,260.2,260,GLOBAL HOPE,9055001,CALL1,1001.0,0,180.0,28.0,14.0,1001
240555002,2024-08-22T22:10:00Z,33.33263,18.09955,11.0,78.7,80,ISLAND TRADER,9055002,CALL2,1001.0,0,180.0,28.0,14.0,1001
240555003,2024-08-22T22:10:00Z,34.85872,18.40319,17.2,309.6,310,CMA CGM MED,9055003,CALL3,1001.0,0,180.0,28.0,14.0,1001
240555001,2024-08-22T22:10:00Z,35.34326,17.70917,12.8,260.7,260,GLOBAL HOPE,9055001,CALL1,1001.0,0,180.0,28.0,14.0,1001
240555003,2024-08-22T22:15:00Z,34.87389,18.38115,17.1,310.0,310,CMA CGM MED,9055003,CALL3,1001.0,0,180.0,28.0,14.0,1001
240555001,2024-08-22T22:15:00Z,35.34013,17.68737,13.0,259.7,260,GLOBAL HOPE,9055001,CALL1,1001.0,0,180.0,28.0,14.0,1001
240555002,2024-08-22T22:15:00Z,33.33528,18.11756,11.0,80.1,80,ISLAND TRADER,9055002,CALL2,1001.0,0,180.0,28.0,14.0,1001
240555001,2024-08-22T22:20:00Z,35.33699,17.66558,13.0,260.2,260,GLOBAL HOPE,9055001,CALL1,1001.0,0,180.0,28.0,14.0,1001
240555002,2024-08-22T22:20:00Z,33.33793,18.13556,10.9,79.3,80,ISLAND TRADER,9055002,CALL2,1001.0,0,180.0,28.0,14.0,1001
240555003,2024-08-22T22:20:00Z,34.88906,18.35911,16.9,309.9,310,CMA CGM MED,9055003,CALL3,1001.0,0,180.0,28.0,14.0,1001
240555001,2024-08-22T22:25:00Z,35.33386,17.64379,13.0,260.5,260,GLOBAL HOPE,9055001,CALL1,1001.0,0,180.0,28.0,14.0,1001
240555002,2024-08-22T22:25:00Z,33.34058,18.15357,11.0,79.7,80,ISLAND TRADER,9055002,CALL2,1001.0,0,180.0,28.0,14.0,1001
240555003,2024-08-22T22:25:00Z,34.90424,18.33706,17.0,309.6,310,CMA CGM MED,9055003,CALL3,1001.0,0,180.0,28.0,14.0,1001
240555002,2024-08-22T22:30:00Z,33.34324,18.17158,10.9,80.2,80,ISLAND TRADER,9055002,CALL2,1001.0,0,180.0,28.0,14.0,1001
240555003,2024-08-22T22:30:00Z,34.91941,18.31501,17.1,309.1,310,CMA CGM MED,9055003,CALL3,1001.0,0,180.0,28.0,14.0,1001
240555001,2024-08-22T22:30:00Z,35.33072,17.62199,13.2,260.9,260,GLOBAL HOPE,9055001,CALL1,1001.0,0,180.0,28.0,14.0,1001
240555003,2024-08-22T22:35:00Z,34.93459,18.29296,17.1,310.8,310,CMA CGM MED,9055003,CALL3,1001.0,0,180.0,28.0,14.0,1001
240555001,2024-08-22T22:35:00Z,35.32759,17.6002,12.8,259.8,260,GLOBAL HOPE,9055001,CALL1,1001.0,0,180.0,28.0,14.0,1001
240555002,2024-08-22T22:35:00Z,33.34589,18.18958,11.0,80.4,80,ISLAND TRADER,9055002,CALL2,1001.0,0,180.0,28.0,14.0,1001
240555003,2024-08-22T22:40:00Z,34.94976,18.2709,17.0,309.4,310,CMA CGM MED,9055003,CALL3,1001.0,0,180.0,28.0,14.0,1001
240555001,2024-08-22T22:40:00Z,35.32445,17.57841,13.0,260.4,260,GLOBAL HOPE,9055001,CALL1,1001.0,0,180.0,28.0,14.0,1001
240555002,2024-08-22T22:40:00Z,33.34854,18.20759,11.0,79.4,80,ISLAND TRADER,9055002,CALL2,1001.0,0,180.0,28.0,14.0,1001
240555003,2024-08-22T22:45:00Z,34.96494,18.24883,17.0,310.9,310,CMA CGM MED,9055003,CALL3,1001.0,0,180.0,28.0,14.0,1001
240555001,2024-08-22T22:45:00Z,35.32132,17.55662,13.1,259.7,260,GLOBAL HOPE,9055001,CALL1,1001.0,0,180.0,28.0,14.0,1001
240555002,2024-08-22T22:45:00Z,33.35119,18.2256,10.9,79.3,80,ISLAND TRADER,9055002,CALL2,1001.0,0,180.0,28.0,14.0,1001
240555001,2024-08-22T22:50:00Z,35.31818,17.53483,12.9,260.7,260,GLOBAL HOPE,9055001,CALL1,1001.0,0,180.0,28.0,14.0,1001
240555002,2024-08-22T22:50:00Z,33.35385,18.24361,10.9,80.3,80,ISLAND TRADER,9055002,CALL2,1001.0,0,180.0,28.0,14.0,1001
240555003,2024-08-22T22:50:00Z,34.98011,18.22677,17.0,311.1,310,CMA CGM MED,9055003,CALL3,1001.0,0,180.0,28.0,14.0,1001
240555002,2024-08-22T22:55:00Z,33.3565,18.26162,11.0,80.3,80,ISLAND TRADER,9055002,CALL2,1001.0,0,180.0,28.0,14.0,1001
240555003,2024-08-22T22:55:00Z,34.99528,18.2047,17.0,310.2,310,CMA CGM MED,9055003,CALL3,1001.0,0,180.0,28.0,14.0,1001
240555001,2024-08-22T22:55:00Z,35.31505,17.51305,13.2,259.8,260,GLOBAL HOPE,9055001,CALL1,1001.0,0,180.0,28.0,14.0,1001
240555002,2024-08-22T23:00:00Z,33.35915,18.27963,11.0,80.4,80,ISLAND TRADER,9055002,CALL2,1001.0,0,180.0,28.0,14.0,1001
240555003,2024-08-22T23:00:00Z,35.01046,18.18262,17.0,310.4,310,CMA CGM MED,9055003,CALL3,1001.0,0,180.0,28.0,14.0,1001
240555001,2024-08-22T23:00:00Z,35.31191,17.49126,13.0,260.2,260,GLOBAL HOPE,9055001,CALL1,1001.0,0,180.0,28.0,14.0,1001
240555002,2024-08-22T23:05:00Z,33.3618,18.29764,11.1,79.2,80,ISLAND TRADER,9055002,CALL2,1001.0,0,180.0,28.0,14.0,1001
240555001,2024-08-22T23:05:00Z,35.30878,17.46947,12.8,259.9,260,GLOBAL HOPE,9055001,CALL1,1001.0,0,180.0,28.0,14.0,1001
240555003,2024-08-22T23:05:00Z,35.02563,18.16054,16.9,309.9,310,CMA CGM MED,9055003,CALL3,1001.0,0,180.0,28.0,14.0,1001
240555001,2024-08-22T23:10:00Z,35.30564,17.44769,13.0,260.5,260,GLOBAL HOPE,9055001,CALL1,1001.0,0,180.0,28.0,14.0,1001
240555002,2024-08-22T23:10:00Z,33.36446,18.31565,11.0,80.5,80,ISLAND TRADER,9055002,CALL2,1001.0,0,180.0,28.0,14.0,1001
240555003,2024-08-22T23:10:00Z,35.04081,18.13846,16.9,309.9,310,CMA CGM MED,9055003,CALL3,1001.0,0,180.0,28.0,14.0,1001
240555001,2024-08-22T23:15:00Z,35.30251,17.4259,12.9,259.5,260,GLOBAL HOPE,9055001,CALL1,1001.0,0,180.0,28.0,14.0,1001
240555002,2024-08-22T23:15:00Z,33.36711,18.33366,10.9,79.3,80,ISLAND TRADER,9055002,CALL2,1001.0,0,180.0,28.0,14.0,1001
240555003,2024-08-22T23:15:00Z,35.05598,18.11637,16.9,309.2,310,CMA CGM MED,9055003,CALL3,1001.0,0,180.0,28.0,14.0,1001
240555001,2024-08-22T23:20:00Z,35.29937,17.40412,13.0,260.1,260,GLOBAL HOPE,9055001,CALL1,1001.0,0,180.0,28.0,14.0,1001
240555002,2024-08-22T23:20:00Z,33.36976,18.35167,10.9,80.1,80,ISLAND TRADER,9055002,CALL2,1001.0,0,180.0,28.0,14.0,1001
240555003,2024-08-22T23:20:00Z,35.07116,18.09428,17.0,309.5,310,CMA CGM MED,9055003,CALL3,1001.0,0,180.0,28.0,14.0,1001
240555002,2024-08-22T23:25:00Z,33.37241,18.36969,10.9,80.5,80,ISLAND TRADER,9055002,CALL2,1001.0,0,180.0,28.0,14.0,1001
240555003,2024-08-22T23:25:00Z,35.08633,18.07218,16.9,309.9,310,CMA CGM MED,9055003,CALL3,1001.0,0,180.0,28.0,14.0,1001
240555001,2024-08-22T23:25:00Z,35.29624,17.38233,13.0,260.0,260,GLOBAL HOPE,9055001,CALL1,1001.0,0,180.0,28.0,14.0,1001
240555003,2024-08-22T23:30:00Z,35.10151,18.05008,17.0,310.0,310,CMA CGM MED,9055003,CALL3,1001.0,0,180.0,28.0,14.0,1001
240555001,2024-08-22T23:30:00Z,35.2931,17.36055,13.0,261.1,260,GLOBAL HOPE,9055001,CALL1,1001.0,0,180.0,28.0,14.0,1001
240555002,2024-08-22T23:30:00Z,33.37507,18.3877,11.1,79.4,80,ISLAND TRADER,9055002,CALL2,1001.0,0,180.0,28.0,14.0,1001
240555003,2024-08-22T23:35:00Z,35.11668,18.02798,17.1,309.5,310,CMA CGM MED,9055003,CALL3,1001.0,0,180.0,28.0,14.0,1001
240555001,2024-08-22T23:35:00Z,35.28997,17.33877,13.0,260.3,260,GLOBAL HOPE,9055001,CALL1,1001.0,0,180.0,28.0,14.0,1001
240555002,2024-08-22T23:35:00Z,33.37772,18.40571,10.9,79.8,80,ISLAND TRADER,9055002,CALL2,1001.0,0,180.0,28.0,14.0,1001
240555001,2024-08-22T23:40:00Z,35.28684,17.31699,12.9,259.6,260,GLOBAL HOPE,9055001,CALL1,1001.0,0,180.0,28.0,14.0,1001
240555002,2024-08-22T23:40:00Z,33.38037,18.42373,11.1,80.0,80,ISLAND TRADER,9055002,CALL2,1001.0,0,180.0,28.0,14.0,1001
240555003,2024-08-22T23:40:00Z,35.13185,18.00587,17.0,310.3,310,CMA CGM MED,9055003,CALL3,1001.0,0,180.0,28.0,14.0,1001
240555002,2024-08-22T23:45:00Z,33.38302,18.44174,10.9,79.3,80,ISLAND TRADER,9055002,CALL2,1001.0,0,180.0,28.0,14.0,1001
240555003,2024-08-22T23:45:00Z,35.14703,17.98376,17.0,310.2,310,CMA CGM MED,9055003,CALL3,1001.0,0,180.0,28.0,14.0,1001
240555001,2024-08-22T23:45:00Z,35.2837,17.29521,12.9,259.9,260,GLOBAL HOPE,9055001,CALL1,1001.0,0,180.0,28.0,14.0,1001
240555002,2024-08-22T23:50:00Z,33.38568,18.45976,10.9,79.8,80,ISLAND TRADER,9055002,CALL2,1001.0,0,180.0,28.0,14.0,1001
240555003,2024-08-22T23:50:00Z,35.1622,17.96164,17.0,310.8,310,CMA CGM MED,9055003,CALL3,1001.0,0,180.0,28.0,14.0,1001
240555001,2024-08-22T23:50:00Z,35.28057,17.27343,13.1,260.1,260,GLOBAL HOPE,9055001,CALL1,1001.0,0,180.0,28.0,14.0,1001
240555002,2024-08-22T23:55:00Z,33.38833,18.47777,11.0,79.4,80,ISLAND TRADER,9055002,CALL2,1001.0,0,180.0,28.0,14.0,1001
240555003,2024-08-22T23:55:00Z,35.17738,17.93952,17.1,310.5,310,CMA CGM MED,9055003,CALL3,1001.0,0,180.0,28.0,14.0,1001
240555001,2024-08-22T23:55:00Z,35.27743,17.25165,13.2,260.1,260,GLOBAL HOPE,9055001,CALL1,1001.0,0,180.0,28.0,14.0,1001
240555003,2024-08-23T00:00:00Z,35.19255,17.9174,17.1,310.0,310,CMA CGM MED,9055003,CALL3,1001.0,0,180.0,28.0,14.0,1001
240555001,2024-08-23T00:00:00Z,35.2743,17.22987,13.0,259.6,260,GLOBAL HOPE,9055001,CALL1,1001.0,0,180.0,28.0,14.0,1001
240555002,2024-08-23T00:00:00Z,33.39098,18.49579,10.9,78.9,80,ISLAND TRADER,9055002,CALL2,1001.0,0,180.0,28.0,14.0,1001
240555001,2024-08-23T00:05:00Z,35.27116,17.2081,12.9,260.3,260,GLOBAL HOPE,9055001,CALL1,1001.0,0,180.0,28.0,14.0,1001
240555002,2024-08-23T00:05:00Z,33.39363,18.51381,11.1,80.0,80,ISLAND TRADER,9055002,CALL2,1001.0,0,180.0,28.0,14.0,1001
240555003,2024-08-23T00:05:00Z,35.20773,17.89527,17.0,309.4,310,CMA CGM MED,9055003,CALL3,1001.0,0,180.0,28.0,14.0,1001
240555001,2024-08-23T00:10:00Z,35.26803,17.18632,13.0,259.8,260,GLOBAL HOPE,9055001,CALL1,1001.0,0,180.0,28.0,14.0,1001
240555002,2024-08-23T00:10:00Z,33.39629,18.53182,11.0,80.1,80,ISLAND TRADER,9055002,CALL2,1001.0,0,180.0,28.0,14.0,1001
240555003,2024-08-23T00:10:00Z,35.2229,17.87314,17.1,310.1,310,CMA CGM MED,9055003,CALL3,1001.0,0,180.0,28.0,14.0,1001
240555001,2024-08-23T00:15:00Z,35.26489,17.16455,13.0,259.8,260,GLOBAL HOPE,9055001,CALL1,1001.0,0,180.0,28.0,14.0,1001
240555003,2024-08-23T00:15:00Z,35.23807,17.851,17.1,309.7,310,CMA CGM MED,9055003,CALL3,1001.0,0,180.0,28.0,14.0,1001
240555002,2024-08-23T00:15:00Z,33.39894,18.54984,11.0,79.1,80,ISLAND TRADER,9055002,CALL2,1001.0,0,180.0,28.0,14.0,1001
240555003,2024-08-23T00:20:00Z,35.25325,17.82886,17.0,310.4,310,CMA CGM MED,9055003,CALL3,1001.0,0,180.0,28.0,14.0,1001
240555001,2024-08-23T00:20:00Z,35.26176,17.14277,12.9,258.9,260,GLOBAL HOPE,9055001,CALL1,1001.0,0,180.0,28.0,14.0,1001
240555002,2024-08-23T00:20:00Z,33.40159,18.56786,11.1,80.0,80,ISLAND TRADER,9055002,CALL2,1001.0,0,180.0,28.0,14.0,1001
240555003,2024-08-23T00:25:00Z,35.26842,17.80671,17.0,309.9,310,CMA CGM MED,9055003,CALL3,1001.0,0,180.0,28.0,14.0,1001
240555001,2024-08-23T00:25:00Z,35.25862,17.121,12.9,260.3,260,GLOBAL HOPE,9055001,CALL1,1001.0,0,180.0,28.0,14.0,1001
240555002,2024-08-23T00:25:00Z,33.40424,18.58588,10.9,80.4,80,ISLAND TRADER,9055002,CALL2,1001.0,0,180.0,28.0,14.0,1001
240555001,2024-08-23T00:30:00Z,35.25549,17.09923,13.0,261.1,260,GLOBAL HOPE,9055001,CALL1,1001.0,0,180.0,28.0,14.0,1001
240555002,2024-08-23T00:30:00Z,33.4069,18.6039,10.8,80.1,80,ISLAND TRADER,9055002,CALL2,1001.0,0,180.0,28.0,14.0,1001
240555003,2024-08-23T00:30:00Z,35.2836,17.78456,17.0,309.9,310,CMA CGM MED,9055003,CALL3,1001.0,0,180.0,28.0,14.0,1001
240555002,2024-08-23T00:35:00Z,33.40955,18.62192,11.0,79.9,80,ISLAND TRADER,9055002,CALL2,1001.0,0,180.0,28.0,14.0,1001
240555003,2024-08-23T00:35:00Z,35.29877,17.76241,17.1,309.7,310,CMA CGM MED,9055003,CALL3,1001.0,0,180.0,28.0,14.0,1001
240555001,2024-08-23T00:35:00Z,35.25235,17.07746,13.1,260.0,260,GLOBAL HOPE,9055001,CALL1,1001.0,0,180.0,28.0,14.0,1001
240555002,2024-08-23T00:40:00Z,33.4122,18.63994,11.1,80.7,80,ISLAND TRADER,9055002,CALL2,1001.0,0,180.0,28.0,14.0,1001
240555003,2024-08-23T00:40:00Z,35.31395,17.74025,17.0,311.1,310,CMA CGM MED,9055003,CALL3,1001.0,0,180.0,28.0,14.0,1001
240555001,2024-08-23T00:40:00Z,35.24922,17.05569,13.0,260.6,260,GLOBAL HOPE,9055001,CALL1,1001.0,0,180.0,28.0,14.0,1001
240555002,2024-08-23T00:45:00Z,33.41485,18.65796,10.9,80.3,80,ISLAND TRADER,9055002,CALL2,1001.0,0,180.0,28.0,14.0,1001
240555001,2024-08-23T00:45:00Z,35.24608,17.03392,13.0,259.0,260,GLOBAL HOPE,9055001,CALL1,1001.0,0,180.0,28.0,14.0,1001
240555003,2024-08-23T00:45:00Z,35.32912,17.71809,16.9,309.9,310,CMA CGM MED,9055003,CALL3,1001.0,0,180.0,28.0,14.0,1001
240555001,2024-08-23T00:50:00Z,35.24295,17.01215,12.8,260.0,260,GLOBAL HOPE,9055001,CALL1,1001.0,0,180.0,28.0,14.0,1001
240555002,2024-08-23T00:50:00Z,33.41751,18.67599,11.0,79.0,80,ISLAND TRADER,9055002,CALL2,1001.0,0,180.0,28.0,14.0,1001
240555003,2024-08-23T00:50:00Z,35.34429,17.69592,17.0,309.4,310,CMA CGM MED,9055003,CALL3,1001.0,0,180.0,28.0,14.0,1001
240555001,2024-08-23T00:55:00Z,35.23981,16.99038,13.0,259.4,260,GLOBAL HOPE,9055001,CALL1,1001.0,0,180.0,28.0,14.0,1001
240555002,2024-08-23T00:55:00Z,33.42016,18.69401,10.8,80.4,80,ISLAND TRADER,9055002,CALL2,1001.0,0,180.0,28.0,14.0,1001
240555003,2024-08-23T00:55:00Z,35.35947,17.67375,17.0,310.0,310,CMA CGM MED,9055003,CALL3,1001.0,0,180.0,28.0,14.0,1001
240555001,2024-08-23T01:00:00Z,35.23668,16.96861,13.1,260.7,260,GLOBAL HOPE,9055001,CALL1,1001.0,0,180.0,28.0,14.0,1001
240555002,2024-08-23T01:00:00Z,33.42281,18.71203,10.9,80.3,80,ISLAND TRADER,9055002,CALL2,1001.0,0,180.0,28.0,14.0,1001
240555003,2024-08-23T01:00:00Z,35.37464,17.65158,16.9,310.1,310,CMA CGM MED,9055003,CALL3,1001.0,0,180.0,28.0,14.0,1001
240555002,2024-08-23T01:05:00Z,33.42546,18.73006,10.8,80.7,80,ISLAND TRADER,9055002,CALL2,1001.0,0,180.0,28.0,14.0,1001
240555003,2024-08-23T01:05:00Z,35.38982,17.6294,16.9,309.7,310,CMA CGM MED,9055003,CALL3,1001.0,0,180.0,28.0,14.0,1001
240555001,2024-08-23T01:05:00Z,35.23354,16.94685,13.1,260.6,260,GLOBAL HOPE,9055001,CALL1,1001.0,0,180.0,28.0,14.0,1001
240555003,2024-08-23T01:10:00Z,35.40499,17.60722,17.1,309.4,310,CMA CGM MED,9055003,CALL3,1001.0,0,180.0,28.0,14.0,1001
240555001,2024-08-23T01:10:00Z,35.23041,16.92508,12.8,259.9,260,GLOBAL HOPE,9055001,CALL1,1001.0,0,180.0,28.0,14.0,1001
240555002,2024-08-23T01:10:00Z,33.42812,18.74808,11.2,79.7,80,ISLAND TRADER,9055002,CALL2,1001.0,0,180.0,28.0,14.0,1001
240555003,2024-08-23T01:15:00Z,35.42017,17.58503,16.9,309.9,310,CMA CGM MED,9055003,CALL3,1001.0,0,180.0,28.0,14.0,1001
240555001,2024-08-23T01:15:00Z,35.22727,16.90332,13.1,259.2,260,GLOBAL HOPE,9055001,CALL1,1001.0,0,180.0,28.0,14.0,1001
240555002,2024-08-23T01:15:00Z,33.43077,18.7661,11.1,79.6,80,ISLAND TRADER,9055002,CALL2,1001.0,0,180.0,28.0,14.0,1001
240555003,2024-08-23T01:20:00Z,35.43534,17.56284,16.9,310.2,310,CMA CGM MED,9055003,CALL3,1001.0,0,180.0,28.0,14.0,1001
240555002,2024-08-23T01:20:00Z,33.43342,18.78413,11.1,79.3,80,ISLAND TRADER,9055002,CALL2,1001.0,0,180.0,28.0,14.0,1001
240555001,2024-08-23T01:20:00Z,35.22414,16.88155,12.8,260.0,260,GLOBAL HOPE,9055001,CALL1,1001.0,0,180.0,28.0,14.0,1001
240555002,2024-08-23T01:25:00Z,33.43607,18.80216,11.0,79.4,80,ISLAND TRADER,9055002,CALL2,1001.0,0,180.0,28.0,14.0,1001
240555003,2024-08-23T01:25:00Z,35.45051,17.54064,17.1,309.9,310,CMA CGM MED,9055003,CALL3,1001.0,0,180.0,28.0,14.0,1001
240555001,2024-08-23T01:25:00Z,35.221,16.85979,13.1,260.2,260,GLOBAL HOPE,9055001,CALL1,1001.0,0,180.0,28.0,14.0,1001
240555002,2024-08-23T01:30:00Z,33.43873,18.82018,10.9,79.3,80,ISLAND TRADER,9055002,CALL2,1001.0,0,180.0,28.0,14.0,1001
240555003,2024-08-23T01:30:00Z,35.46569,17.51845,17.0,309.8,310,CMA CGM MED,9055003,CALL3,1001.0,0,180.0,28.0,14.0,1001
240555001,2024-08-23T01:30:00Z,35.21787,16.83803,13.0,259.8,260,GLOBAL HOPE,9055001,CALL1,1001.0,0,180.0,28.0,14.0,1001
240555002,2024-08-23T01:35:00Z,33.44138,18.83821,11.1,80.2,80,ISLAND TRADER,9055002,CALL2,1001.0,0,180.0,28.0,14.0,1001
240555003,2024-08-23T01:35:00Z,35.48086,17.49624,17.0,309.2,310,CMA CGM MED,9055003,CALL3,1001.0,0,180.0,28.0,14.0,1001
240555001,2024-08-23T01:35:00Z,35.21474,16.81627,12.9,260.6,260,GLOBAL HOPE,9055001,CALL1,1001.0,0,180.0,28.0,14.0,1001
240555003,2024-08-23T01:40:00Z,35.49604,17.47403,17.0,309.9,310,CMA CGM MED,9055003,CALL3,1001.0,0,180.0,28.0,14.0,1001
240555001,2024-08-23T01:40:00Z,35.2116,16.79451,12.9,259.5,260,GLOBAL HOPE,9055001,CALL1,1001.0,0,180.0,28.0,14.0,1001
240555002,2024-08-23T01:40:00Z,33.44403,18.85624,10.9,79.7,80,ISLAND TRADER,9055002,CALL2,1001.0,0,180.0,28.0,14.0,1001
240555001,2024-08-23T01:45:00Z,35.20847,16.77275,13.1,260.0,260,GLOBAL HOPE,9055001,CALL1,1001.0,0,180.0,28.0,14.0,1001
240555002,2024-08-23T01:45:00Z,33.44668,18.87426,11.1,79.6,80,ISLAND TRADER,9055002,CALL2,1001.0,0,180.0,28.0,14.0,1001
240555003,2024-08-23T01:45:00Z,35.51121,17.45182,17.2,310.2,310,CMA CGM MED,9055003,CALL3,1001.0,0,180.0,28.0,14.0,1001
240555001,2024-08-23T01:50:00Z,35.20533,16.75099,12.9,260.2,260,GLOBAL HOPE,9055001,CALL1,1001.0,0,180.0,28.0,14.0,1001
240555002,2024-08-23T01:50:00Z,33.44934,18.89229,11.0,80.4,80,ISLAND TRADER,9055002,CALL2,1001.0,0,180.0,28.0,14.0,1001
240555003,2024-08-23T01:50:00Z,35.52639,17.42961,17.2,310.8,310,CMA CGM MED,9055003,CALL3,1001.0,0,180.0,28.0,14.0,1001
240555002,2024-08-23T01:55:00Z,33.45199,18.91032,10.9,79.4,80,ISLAND TRADER,9055002,CALL2,1001.0,0,180.0,28.0,14.0,1001
240555003,2024-08-23T01:55:00Z,35.54156,17.40738,17.0,311.3,310,CMA CGM MED,9055003,CALL3,1001.0,0,180.0,28.0,14.0,1001
240555001,2024-08-23T01:55:00Z,35.2022,16.72923,13.0,259.7,260,GLOBAL HOPE,9055001,CALL1,1001.0,0,180.0,28.0,14.0,1001
240555003,2024-08-23T02:00:00Z,35.55673,17.38516,16.9,309.7,310,CMA CGM MED,9055003,CALL3,1001.0,0,180.0,28.0,14.0,1001
240555001,2024-08-23T02:00:00Z,35.19906,16.70747,13.1,260.2,260,GLOBAL HOPE,9055001,CALL1,1001.0,0,180.0,28.0,14.0,1001
240555002,2024-08-23T02:00:00Z,33.45464,18.92835,11.0,79.7,80,ISLAND TRADER,9055002,CALL2,1001.0,0,180.0,28.0,14.0,1001
240555003,2024-08-23T02:05:00Z,35.57191,17.36293,17.0,310.1,310,CMA CGM MED,9055003,CALL3,1001.0,0,180.0,28.0,14.0,1001
240555001,2024-08-23T02:05:00Z,35.19593,16.68572,13.0,258.8,260,GLOBAL HOPE,9055001,CALL1,1001.0,0,180.0,28.0,14.0,1001
240555002,2024-08-23T02:05:00Z,33.45729,18.94638,11.2,80.1,80,ISLAND TRADER,9055002,CALL2,1001.0,0,180.0,28.0,14.0,1001
240555003,2024-08-23T02:10:00Z,35.58708,17.3407,17.0,310.6,310,CMA CGM MED,9055003,CALL3,1001.0,0,180.0,28.0,14.0,1001
240555001,2024-08-23T02:10:00Z,35.19279,16.66396,12.9,260.6,260,GLOBAL HOPE,9055001,CALL1,1001.0,0,180.0,28.0,14.0,1001
240555002,2024-08-23T02:10:00Z,33.45995,18.96441,10.8,80.2,80,ISLAND TRADER,9055002,CALL2,1001.0,0,180.0,28.0,14.0,1001
240555001,2024-08-23T02:15:00Z,35.18966,16.64221,13.2,260.9,260,GLOBAL HOPE,9055001,CALL1,1001.0,0,180.0,28.0,14.0,1001
240555002,2024-08-23T02:15:00Z,33.4626,18.98244,11.0,79.7,80,ISLAND TRADER,9055002,CALL2,1001.0,0,180.0,28.0,14.0,1001
240555003,2024-08-23T02:15:00Z,35.60226,17.31846,17.1,310.2,310,CMA CGM MED,9055003,CALL3,1001.0,0,180.0,28.0,14.0,1001
240555002,2024-08-23T02:20:00Z,33.46525,19.00048,10.9,79.0,80,ISLAND TRADER,9055002,CALL2,1001.0,0,180.0,28.0,14.0,1001
240555003,2024-08-23T02:20:00Z,35.61743,17.29622,16.9,309.8,310,CMA CGM MED,9055003,CALL3,1001.0,0,180.0,28.0,14.0,1001
240555001,2024-08-23T02:20:00Z,35.18652,16.62045,13.0,259.7,260,GLOBAL HOPE,9055001,CALL1,1001.0,0,180.0,28.0,14.0,1001
240555002,2024-08-23T02:25:00Z,33.4679,19.01851,11.1,79.4,80,ISLAND TRADER,9055002,CALL2,1001.0,0,180.0,28.0,14.0,1001
240555003,2024-08-23T02:25:00Z,35.63261,17.27397,16.9,310.8,310,CMA CGM MED,9055003,CALL3,1001.0,0,180.0,28.0,14.0,1001
240555001,2024-08-23T02:25:00Z,35.18339,16.5987,13.0,260.2,260,GLOBAL HOPE,9055001,CALL1,1001.0,0,180.0,28.0,14.0,1001
240555002,2024-08-23T02:30:00Z,33.47056,19.03654,10.9,79.2,80,ISLAND TRADER,9055002,CALL2,1001.0,0,180.0,28.0,14.0,1001
240555001,2024-08-23T02:30:00Z,35.18025,16.57695,13.2,259.8,260,GLOBAL HOPE,9055001,CALL1,1001.0,0,180.0,28.0,14.0,1001
240555003,2024-08-23T02:30:00Z,35.64778,17.25172,16.9,309.9,310,CMA CGM MED,9055003,CALL3,1001.0,0,180.0,28.0,14.0,1001
240555001,2024-08-23T02:35:00Z,35.17712,16.5552,12.9,259.1,260,GLOBAL HOPE,9055001,CALL1,1001.0,0,180.0,28.0,14.0,1001
240555002,2024-08-23T02:35:00Z,33.47321,19.05458,10.9,80.2,80,ISLAND TRADER,9055002,CALL2,1001.0,0,180.0,28.0,14.0,1001
240555003,2024-08-23T02:35:00Z,35.66296,17.22947,16.9,310.3,310,CMA CGM MED,9055003,CALL3,1001.0,0,180.0,28.0,14.0,1001
240555001,2024-08-23T02:40:00Z,35.17398,16.53345,12.8,260.6,260,GLOBAL HOPE,9055001,CALL1,1001.0,0,180.0,28.0,14.0,1001
240555002,2024-08-23T02:40:00Z,33.47586,19.07261,11.0,80.0,80,ISLAND TRADER,9055002,CALL2,1001.0,0,180.0,28.0,14.0,1001
240555003,2024-08-23T02:40:00Z,35.67813,17.20721,17.0,310.7,310,CMA CGM MED,9055003,CALL3,1001.0,0,180.0,28.0,14.0,1001
240555002,2024-08-23T02:45:00Z,33.47851,19.09064,11.1,79.9,80,ISLAND TRADER,9055002,CALL2,1001.0,0,180.0,28.0,14.0,1001
240555003,2024-08-23T02:45:00Z,35.6933,17.18495,17.0,309.0,310,CMA CGM MED,9055003,CALL3,1001.0,0,180.0,28.0,14.0,1001
240555001,2024-08-23T02:45:00Z,35.17085,16.5117,13.0,260.0,260,GLOBAL HOPE,9055001,CALL1,1001.0,0,180.0,28.0,14.0,1001
240555003,2024-08-23T02:50:00Z,35.70848,17.16268,17.1,310.3,310,CMA CGM MED,9055003,CALL3,1001.0,0,180.0,28.0,14.0,1001
240555001,2024-08-23T02:50:00Z,35.16771,16.48995,12.8,260.6,260,GLOBAL HOPE,9055001,CALL1,1001.0,0,180.0,28.0,14.0,1001
240555002,2024-08-23T02:50:00Z,33.48117,19.10868,11.0,80.5,80,ISLAND TRADER,9055002,CALL2,1001.0,0,180.0,28.0,14.0,1001
240555003,2024-08-23T02:55:00Z,35.72365,17.14041,17.0,309.7,310,CMA CGM MED,9055003,CALL3,1001.0,0,180.0,28.0,14.0,1001
240555001,2024-08-23T02:55:00Z,35.16458,16.4682,13.1,260.5,260,GLOBAL HOPE,9055001,CALL1,1001.0,0,180.0,28.0,14.0,1001
240555002,2024-08-23T02:55:00Z,33.48382,19.12672,11.1,80.2,80,ISLAND TRADER,9055002,CALL2,1001.0,0,180.0,28.0,14.0,1001
240555003,2024-08-23T03:00:00Z,35.73883,17.11814,16.8,310.6,310,CMA CGM MED,9055003,CALL3,1001.0,0,180.0,28.0,14.0,1001
240555002,2024-08-23T03:00:00Z,33.48647,19.14475,11.0,79.9,80,ISLAND TRADER,9055002,CALL2,1001.0,0,180.0,28.0,14.0,1001
240555001,2024-08-23T03:00:00Z,35.16144,16.44645,13.0,259.4,260,GLOBAL HOPE,9055001,CALL1,1001.0,0,180.0,28.0,14.0,1001
240555002,2024-08-23T03:05:00Z,33.48912,19.16279,10.9,80.3,80,ISLAND TRADER,9055002,CALL2,1001.0,0,180.0,28.0,14.0,1001
240555003,2024-08-23T03:05:00Z,35.754,17.09586,17.2,309.7,310,CMA CGM MED,9055003,CALL3,1001.0,0,180.0,28.0,14.0,1001
240555001,2024-08-23T03:05:00Z,35.15831,16.42471,13.1,260.3,260,GLOBAL HOPE,9055001,CALL1,1001.0,0,180.0,28.0,14.0,1001
240555002,2024-08-23T03:10:00Z,33.49178,19.18083,11.1,78.9,80,ISLAND TRADER,9055002,CALL2,1001.0,0,180.0,28.0,14.0,1001
240555003,2024-08-23T03:10:00Z,35.76918,17.07357,16.9,310.5,310,CMA CGM MED,9055003,CALL3,1001.0,0,180.0,28.0,14.0,1001
240555001,2024-08-23T03:10:00Z,35.15517,16.40296,13.1,259.6,260,GLOBAL HOPE,9055001,CALL1,1001.0,0,180.0,28.0,14.0,1001
240555002,2024-08-23T03:15:00Z,33.49443,19.19886,10.9,79.3,80,ISLAND TRADER,9055002,CALL2,1001.0,0,180.0,28.0,14.0,1001
240555003,2024-08-23T03:15:00Z,35.78435,17.05128,16.9,310.4,310,CMA CGM MED,9055003,CALL3,1001.0,0,180.0,28.0,14.0,1001
240555001,2024-08-23T03:15:00Z,35.15204,16.38122,12.8,260.1,260,GLOBAL HOPE,9055001,CALL1,1001.0,0,180.0,28.0,14.0,1001
240555003,2024-08-23T03:20:00Z,35.79952,17.02899,17.0,310.6,310,CMA CGM MED,9055003,CALL3,1001.0,0,180.0,28.0,14.0,1001
240555001,2024-08-23T03:20:00Z,35.14891,16.35947,13.0,259.4,260,GLOBAL HOPE,9055001,CALL1,1001.0,0,180.0,28.0,14.0,1001
240555002,2024-08-23T03:20:00Z,33.49708,19.2169,11.0,79.4,80,ISLAND TRADER,9055002,CALL2,1001.0,0,180.0,28.0,14.0,1001
240555001,2024-08-23T03:25:00Z,35.14577,16.33773,13.0,259.9,260,GLOBAL HOPE,9055001,CALL1,1001.0,0,180.0,28.0,14.0,1001
240555002,2024-08-23T03:25:00Z,33.49973,19.23494,10.9,79.9,80,ISLAND TRADER,9055002,CALL2,1001.0,0,180.0,28.0,14.0,1001
240555003,2024-08-23T03:25:00Z,35.8147,17.0067,16.9,309.4,310,CMA CGM MED,9055003,CALL3,1001.0,0,180.0,28.0,14.0,1001
240555001,2024-08-23T03:30:00Z,35.14264,16.31599,13.0,260.3,260,GLOBAL HOPE,9055001,CALL1,1001.0,0,180.0,28.0,14.0,1001
240555002,2024-08-23T03:30:00Z,33.50239,19.25298,11.0,80.8,80,ISLAND TRADER,9055002,CALL2,1001.0,0,180.0,28.0,14.0,1001
240555003,2024-08-23T03:30:00Z,35.82987,16.98439,17.0,311.2,310,CMA CGM MED,9055003,CALL3,1001.0,0,180.0,28.0,14.0,1001
240555001,2024-08-23T03:35:00Z,35.1395,16.29425,13.3,259.6,260,GLOBAL HOPE,9055001,CALL1,1001.0,0,180.0,28.0,14.0,1001
240555003,2024-08-23T03:35:00Z,35.84505,16.96209,17.0,308.6,310,CMA CGM MED,9055003,CALL3,1001.0,0,180.0,28.0,14.0,1001
240555002,2024-08-23T03:35:00Z,33.50504,19.27102,10.9,80.0,80,ISLAND TRADER,9055002,CALL2,1001.0,0,180.0,28.0,14.0,1001
240555003,2024-08-23T03:40:00Z,35.86022,16.93978,17.1,310.5,310,CMA CGM MED,9055003,CALL3,1001.0,0,180.0,28.0,14.0,1001
240555001,2024-08-23T03:40:00Z,35.13637,16.27251,13.0,259.7,260,GLOBAL HOPE,9055001,CALL1,1001.0,0,180.0,28.0,14.0,1001
240555002,2024-08-23T03:40:00Z,33.50769,19.28906,11.0,79.8,80,ISLAND TRADER,9055002,CALL2,1001.0,0,180.0,28.0,14.0,1001
240555003,2024-08-23T03:45:00Z,35.8754,16.91747,16.8,310.6,310,CMA CGM MED,9055003,CALL3,1001.0,0,180.0,28.0,14.0,1001
240555001,2024-08-23T03:45:00Z,35.13323,16.25077,12.9,259.9,260,GLOBAL HOPE,9055001,CALL1,1001.0,0,180.0,28.0,14.0,1001
240555002,2024-08-23T03:45:00Z,33.51034,19.3071,10.8,79.7,80,ISLAND TRADER,9055002,CALL2,1001.0,0,180.0,28.0,14.0,1001
240555003,2024-08-23T03:50:00Z,35.89057,16.89515,16.9,309.9,310,CMA CGM MED,9055003,CALL3,1001.0,0,180.0,28.0,14.0,1001
240555001,2024-08-23T03:50:00Z,35.1301,16.22903,13.0,259.9,260,GLOBAL HOPE,9055001,CALL1,1001.0,0,180.0,28.0,14.0,1001
240555002,2024-08-23T03:50:00Z,33.513,19.32515,10.9,79.3,80,ISLAND TRADER,9055002,CALL2,1001.0,0,180.0,28.0,14.0,1001
240555001,2024-08-23T03:55:00Z,35.12696,16.20729,13.1,259.7,260,GLOBAL HOPE,9055001,CALL1,1001.0,0,180.0,28.0,14.0,1001
240555002,2024-08-23T03:55:00Z,33.51565,19.34319,11.0,79.8,80,ISLAND TRADER,9055002,CALL2,1001.0,0,180.0,28.0,14.0,1001
240555003,2024-08-23T03:55:00Z,35.90574,16.87283,16.9,310.6,310,CMA CGM MED,9055003,CALL3,1001.0,0,180.0,28.0,14.0,1001
240555002,2024-08-23T04:00:00Z,33.5183,19.36123,10.8,79.4,80,ISLAND TRADER,9055002,CALL2,1001.0,0,180.0,28.0,14.0,1001
240555003,2024-08-23T04:00:00Z,35.92092,16.8505,17.3,309.6,310,CMA CGM MED,9055003,CALL3,1001.0,0,180.0,28.0,14.0,1001
240555001,2024-08-23T04:00:00Z,35.12383,16.18556,12.8,261.2,260,GLOBAL HOPE,9055001,CALL1,1001.0,0,180.0,28.0,14.0,1001
240555002,2024-08-23T04:05:00Z,33.52095,19.37928,11.1,80.1,80,ISLAND TRADER,9055002,CALL2,1001.0,0,180.0,28.0,14.0,1001
240555003,2024-08-23T04:05:00Z,35.93609,16.82817,17.0,310.7,310,CMA CGM MED,9055003,CALL3,1001.0,0,180.0,28.0,14.0,1001
240555001,2024-08-23T04:05:00Z,35.12069,16.16382,12.9,260.2,260,GLOBAL HOPE,9055001,CALL1,1001.0,0,180.0,28.0,14.0,1001
240555003,2024-08-23T04:10:00Z,35.95127,16.80583,16.9,310.5,310,CMA CGM MED,9055003,CALL3,1001.0,0,180.0,28.0,14.0,1001
240555001,2024-08-23T04:10:00Z,35.11756,16.14208,13.0,259.8,260,GLOBAL HOPE,9055001,CALL1,1001.0,0,180.0,28.0,14.0,1001
240555002,2024-08-23T04:10:00Z,33.52361,19.39732,11.0,79.8,80,ISLAND TRADER,9055002,CALL2,1001.0,0,180.0,28.0,14.0,1001
240555001,2024-08-23T04:15:00Z,35.11442,16.12035,12.8,259.8,260,GLOBAL HOPE,9055001,CALL1,1001.0,0,180.0,28.0,14.0,1001
240555002,2024-08-23T04:15:00Z,33.52626,19.41536,11.0,80.1,80,ISLAND TRADER,9055002,CALL2,1001.0,0,180.0,28.0,14.0,1001
240555003,2024-08-23T04:15:00Z,35.96644,16.78349,17.1,309.6,310,CMA CGM MED,9055003,CALL3,1001.0,0,180.0,28.0,14.0,1001
240555001,2024-08-23T04:20:00Z,35.11129,16.09862,13.0,260.2,260,GLOBAL HOPE,9055001,CALL1,1001.0,0,180.0,28.0,14.0,1001
240555002,2024-08-23T04:20:00Z,33.52891,19.43341,11.0,80.0,80,ISLAND TRADER,9055002,CALL2,1001.0,0,180.0,28.0,14.0,1001
240555003,2024-08-23T04:20:00Z,35.98162,16.76115,17.1,310.0,310,CMA CGM MED,9055003,CALL3,1001.0,0,180.0,28.0,14.0,1001
240555001,2024-08-23T04:25:00Z,35.10815,16.07688,13.0,258.9,260,GLOBAL HOPE,9055001,CALL1,1001.0,0,180.0,28.0,14.0,1001
240555002,2024-08-23T04:25:00Z,33.53156,19.45146,10.9,79.7,80,ISLAND TRADER,9055002,CALL2,1001.0,0,180.0,28.0,14.0,1001
240555003,2024-08-23T04:25:00Z,35.99679,16.7388,17.1,311.1,310,CMA CGM MED,9055003,CALL3,1001.0,0,180.0,28.0,14.0,1001
240555002,2024-08-23T04:30:00Z,33.53422,19.4695,11.1,80.6,80,ISLAND TRADER,9055002,CALL2,1001.0,0,180.0,28.0,14.0,1001
240555003,2024-08-23T04:30:00Z,36.01196,16.71645,16.9,310.5,310,CMA CGM MED,9055003,CALL3,1001.0,0,180.0,28.0,14.0,1001
240555001,2024-08-23T04:30:00Z,35.10502,16.05515,12.9,259.2,260,GLOBAL HOPE,9055001,CALL1,1001.0,0,180.0,28.0,14.0,1001
240555003,2024-08-23T04:35:00Z,36.02714,16.69409,17.1,309.4,310,CMA CGM MED,9055003,CALL3,1001.0,0,180.0,28.0,14.0,1001
240555001,2024-08-23T04:35:00Z,35.10188,16.03342,12.8,260.4,260,GLOBAL HOPE,9055001,CALL1,1001.0,0,180.0,28.0,14.0,1001
240555002,2024-08-23T04:35:00Z,33.53687,19.48755,11.1,79.7,80,ISLAND TRADER,9055002,CALL2,1001.0,0,180.0,28.0,14.0,1001
240555003,2024-08-23T04:40:00Z,36.04231,16.67173,17.0,310.2,310,CMA CGM MED,9055003,CALL3,1001.0,0,180.0,28.0,14.0,1001
240555001,2024-08-23T04:40:00Z,35.09875,16.01169,13.1,260.2,260,GLOBAL HOPE,9055001,CALL1,1001.0,0,180.0,28.0,14.0,1001
240555002,2024-08-23T04:40:00Z,33.53952,19.5056,11.0,80.1,80,ISLAND TRADER,9055002,CALL2,1001.0,0,180.0,28.0,14.0,1001
240555003,2024-08-23T04:45:00Z,36.05749,16.64937,17.0,310.1,310,CMA CGM MED,9055003,CALL3,1001.0,0,180.0,28.0,14.0,1001
240555002,2024-08-23T04:45:00Z,33.54217,19.52364,11.0,79.5,80,ISLAND TRADER,9055002,CALL2,1001.0,0,180.0,28.0,14.0,1001
240555001,2024-08-23T04:45:00Z,35.09561,15.98996,13.1,260.2,260,GLOBAL HOPE,9055001,CALL1,1001.0,0,180.0,28.0,14.0,1001
240555002,2024-08-23T04:50:00Z,33.54483,19.54169,11.1,79.6,80,ISLAND TRADER,9055002,CALL2,1001.0,0,180.0,28.0,14.0,1001
240555003,2024-08-23T04:50:00Z,36.07266,16.627,17.0,309.1,310,CMA CGM MED,9055003,CALL3,1001.0,0,180.0,28.0,14.0,1001
240555001,2024-08-23T04:50:00Z,35.09248,15.96823,12.9,259.8,260,GLOBAL HOPE,9055001,CALL1,1001.0,0,180.0,28.0,14.0,1001
240555002,2024-08-23T04:55:00Z,33.54748,19.55974,11.0,80.0,80,ISLAND TRADER,9055002,CALL2,1001.0,0,180.0,28.0,14.0,1001
240555003,2024-08-23T04:55:00Z,36.08784,16.60463,17.1,310.1,310,CMA CGM MED,9055003,CALL3,1001.0,0,180.0,28.0,14.0,1001
240555001,2024-08-23T04:55:00Z,35.08934,15.9465,13.0,260.2,260,GLOBAL HOPE,9055001,CALL1,1001.0,0,180.0,28.0,14.0,1001
240555003,2024-08-23T05:00:00Z,36.10301,16.58225,17.0,309.8,310,CMA CGM MED,9055003,CALL3,1001.0,0,180.0,28.0,14.0,1001
240555001,2024-08-23T05:00:00Z,35.08621,15.92478,13.0,259.8,260,GLOBAL HOPE,9055001,CALL1,1001.0,0,180.0,28.0,14.0,1001
240555002,2024-08-23T05:00:00Z,33.55013,19.57779,11.0,79.9,80,ISLAND TRADER,9055002,CALL2,1001.0,0,180.0,28.0,14.0,1001
240555001,2024-08-23T05:05:00Z,35.08307,15.90305,13.0,259.8,260,GLOBAL HOPE,9055001,CALL1,1001.0,0,180.0,28.0,14.0,1001
240555002,2024-08-23T05:05:00Z,33.55278,19.59584,11.0,79.7,80,ISLAND TRADER,9055002,CALL2,1001.0,0,180.0,28.0,14.0,1001
240555003,2024-08-23T05:05:00Z,36.11818,16.55986,16.9,309.6,310,CMA CGM MED,9055003,CALL3,1001.0,0,180.0,28.0,14.0,1001
240555001,2024-08-23T05:10:00Z,35.07994,15.88133,13.1,261.3,260,GLOBAL HOPE,9055001,CALL1,1001.0,0,180.0,28.0,14.0,1001
240555002,2024-08-23T05:10:00Z,33.55544,19.61389,10.9,80.1,80,ISLAND TRADER,9055002,CALL2,1001.0,0,180.0,28.0,14.0,1001
240555003,2024-08-23T05:10:00Z,36.13336,16.53748,17.0,309.5,310,CMA CGM MED,9055003,CALL3,1001.0,0,180.0,28.0,14.0,1001
240555001,2024-08-23T05:15:00Z,35.07681,15.8596,13.0,260.5,260,GLOBAL HOPE,9055001,CALL1,1001.0,0,180.0,28.0,14.0,1001
240555003,2024-08-23T05:15:00Z,36.14853,16.51509,16.9,310.7,310,CMA CGM MED,9055003,CALL3,1001.0,0,180.0,28.0,14.0,1001
240555002,2024-08-23T05:15:00Z,33.55809,19.63194,11.1,79.4,80,ISLAND TRADER,9055002,CALL2,1001.0,0,180.0,28.0,14.0,1001
240555003,2024-08-23T05:20:00Z,36.16371,16.49269,16.8,310.1,310,CMA CGM MED,9055003,CALL3,1001.0,0,180.0,28.0,14.0,1001
240555001,2024-08-23T05:20:00Z,35.07367,15.83788,13.0,261.2,260,GLOBAL HOPE,9055001,CALL1,1001.0,0,180.0,28.0,14.0,1001
240555002,2024-08-23T05:20:00Z,33.56074,19.65,11.0,80.3,80,ISLAND TRADER,9055002,CALL2,1001.0,0,180.0,28.0,14.0,1001
240555003,2024-08-23T05:25:00Z,36.17888,16.47029,16.9,309.4,310,CMA CGM MED,9055003,CALL3,1001.0,0,180.0,28.0,14.0,1001
240555001,2024-08-23T05:25:00Z,35.07054,15.81615,13.1,260.7,260,GLOBAL HOPE,9055001,CALL1,1001.0,0,180.0,28.0,14.0,1001
240555002,2024-08-23T05:25:00Z,33.56339,19.66805,11.1,80.5,80,ISLAND TRADER,9055002,CALL2,1001.0,0,180.0,28.0,14.0,1001
240555003,2024-08-23T05:30:00Z,36.19406,16.44789,17.1,310.8,310,CMA CGM MED,9055003,CALL3,1001.0,0,180.0,28.0,14.0,1001
240555001,2024-08-23T05:30:00Z,35.0674,15.79443,12.8,259.9,260,GLOBAL HOPE,9055001,CALL1,1001.0,0,180.0,28.0,14.0,1001
240555002,2024-08-23T05:30:00Z,33.56605,19.6861,11.1,79.1,80,ISLAND TRADER,9055002,CALL2,1001.0,0,180.0,28.0,14.0,1001
240555001,2024-08-23T05:35:00Z,35.06427,15.77271,12.9,260.4,260,GLOBAL HOPE,9055001,CALL1,1001.0,0,180.0,28.0,14.0,1001
240555002,2024-08-23T05:35:00Z,33.5687,19.70415,10.9,79.8,80,ISLAND TRADER,9055002,CALL2,1001.0,0,180.0,28.0,14.0,1001
240555003,2024-08-23T05:35:00Z,36.20923,16.42548,17.1,310.6,310,CMA CGM MED,9055003,CALL3,1001.0,0,180.0,28.0,14.0,1001
240555002,2024-08-23T05:40:00Z,33.57135,19.72221,11.1,80.2,80,ISLAND TRADER,9055002,CALL2,1001.0,0,180.0,28.0,14.0,1001
240555003,2024-08-23T05:40:00Z,36.22441,16.40307,16.8,310.3,310,CMA CGM MED,9055003,CALL3,1001.0,0,180.0,28.0,14.0,1001
240555001,2024-08-23T05:40:00Z,35.06113,15.75099,13.0,260.5,260,GLOBAL HOPE,9055001,CALL1,1001.0,0,180.0,28.0,14.0,1001
240555002,2024-08-23T05:45:00Z,33.574,19.74026,11.0,79.8,80,ISLAND TRADER,9055002,CALL2,1001.0,0,180.0,28.0,14.0,1001
240555003,2024-08-23T05:45:00Z,36.23958,16.38065,17.1,309.9,310,CMA CGM MED,9055003,CALL3,1001.0,0,180.0,28.0,14.0,1001
240555001,2024-08-23T05:45:00Z,35.058,15.72927,12.9,259.7,260,GLOBAL HOPE,9055001,CALL1,1001.0,0,180.0,28.0,14.0,1001
240555002,2024-08-23T05:50:00Z,33.57666,19.75832,11.1,79.9,80,ISLAND TRADER,9055002,CALL2,1001.0,0,180.0,28.0,14.0,1001
240555001,2024-08-23T05:50:00Z,35.05486,15.70755,13.1,259.1,260,GLOBAL HOPE,9055001,CALL1,1001.0,0,180.0,28.0,14.0,1001
240555003,2024-08-23T05:50:00Z,36.25475,16.35823,17.0,310.3,310,CMA CGM MED,9055003,CALL3,1001.0,0,180.0,28.0,14.0,1001
240555001,2024-08-23T05:55:00Z,35.05173,15.68584,12.9,260.7,260,GLOBAL HOPE,9055001,CALL1,1001.0,0,180.0,28.0,14.0,1001
240555002,2024-08-23T05:55:00Z,33.57931,19.77637,10.8,80.5,80,ISLAND TRADER,9055002,CALL2,1001.0,0,180.0,28.0,14.0,1001
240555003,2024-08-23T05:55:00Z,36.26993,16.3358,16.9,309.8,310,CMA CGM MED,9055003,CALL3,1001.0,0,180.0,28.0,14.0,1001
240555001,2024-08-23T06:00:00Z,35.04859,15.66412,13.0,260.2,260,GLOBAL HOPE,9055001,CALL1,1001.0,0,180.0,28.0,14.0,1001
240555002,2024-08-23T06:00:00Z,33.58196,19.79443,11.0,80.4,80,ISLAND TRADER,9055002,CALL2,1001.0,0,180.0,28.0,14.0,1001
240555003,2024-08-23T06:00:00Z,36.2851,16.31337,17.0,309.9,310,CMA CGM MED,9055003,CALL3,1001.0,0,180.0,28.0,14.0,1001
240555001,2024-08-23T06:05:00Z,35.04546,15.6424,13.0,260.1,260,GLOBAL HOPE,9055001,CALL1,1001.0,0,180.0,28.0,14.0,1001
240555002,2024-08-23T06:05:00Z,33.58461,19.81249,11.0,80.5,80,ISLAND TRADER,9055002,CALL2,1001.0,0,180.0,28.0,14.0,1001
240555003,2024-08-23T06:05:00Z,36.30028,16.29094,16.9,310.2,310,CMA CGM MED,9055003,CALL3,1001.0,0,180.0,28.0,14.0,1001
240555002,2024-08-23T06:10:00Z,33.58727,19.83054,11.1,79.8,80,ISLAND TRADER,9055002,CALL2,1001.0,0,180.0,28.0,14.0,1001
240555003,2024-08-23T06:10:00Z,36.31545,16.2685,17.2,310.5,310,CMA CGM MED,9055003,CALL3,1001.0,0,180.0,28.0,14.0,1001
240555001,2024-08-23T06:10:00Z,35.04232,15.62069,13.1,260.5,260,GLOBAL HOPE,9055001,CALL1,1001.0,0,180.0,28.0,14.0,1001
240555003,2024-08-23T06:15:00Z,36.33063,16.24606,17.1,309.4,310,CMA CGM MED,9055003,CALL3,1001.0,0,180.0,28.0,14.0,1001
240555001,2024-08-23T06:15:00Z,35.03919,15.59897,13.1,259.4,260,GLOBAL HOPE,9055001,CALL1,1001.0,0,180.0,28.0,14.0,1001
240555002,2024-08-23T06:15:00Z,33.58992,19.8486,11.2,79.1,80,ISLAND TRADER,9055002,CALL2,1001.0,0,180.0,28.0,14.0,1001
240555003,2024-08-23T06:20:00Z,36.3458,16.22361,17.0,309.8,310,CMA CGM MED,9055003,CALL3,1001.0,0,180.0,28.0,14.0,1001
240555001,2024-08-23T06:20:00Z,35.03605,15.57726,12.9,259.3,260,GLOBAL HOPE,9055001,CALL1,1001.0,0,180.0,28.0,14.0,1001
240555002,2024-08-23T06:20:00Z,33.59257,19.86666,11.0,79.9,80,ISLAND TRADER,9055002,CALL2,1001.0,0,180.0,28.0,14.0,1001
240555001,2024-08-23T06:25:00Z,35.03292,15.55555,13.0,259.2,260,GLOBAL HOPE,9055001,CALL1,1001.0,0,180.0,28.0,14.0,1001
240555002,2024-08-23T06:25:00Z,33.59522,19.88472,11.0,79.2,80,ISLAND TRADER,9055002,CALL2,1001.0,0,180.0,28.0,14.0,1001
240555003,2024-08-23T06:25:00Z,36.36097,16.20116,17.0,309.5,310,CMA CGM MED,9055003,CALL3,1001.0,0,180.0,28.0,14.0,1001
240555002,2024-08-23T06:30:00Z,33.59788,19.90278,11.1,81.0,80,ISLAND TRADER,9055002,CALL2,1001.0,0,180.0,28.0,14.0,1001
240555003,2024-08-23T06:30:00Z,36.37615,16.1787,16.8,310.0,310,CMA CGM MED,9055003,CALL3,1001.0,0,180.0,28.0,14.0,1001
240555001,2024-08-23T06:30:00Z,35.02978,15.53384,13.0,259.8,260,GLOBAL HOPE,9055001,CALL1,1001.0,0,180.0,28.0,14.0,1001
240555002,2024-08-23T06:35:00Z,33.60053,19.92084,11.0,80.2,80,ISLAND TRADER,9055002,CALL2,1001.0,0,180.0,28.0,14.0,1001
240555003,2024-08-23T06:35:00Z,36.39132,16.15624,17.0,310.5,310,CMA CGM MED,9055003,CALL3,1001.0,0,180.0,28.0,14.0,1001
240555001,2024-08-23T06:35:00Z,35.02665,15.51212,12.9,261.2,260,GLOBAL HOPE,9055001,CALL1,1001.0,0,180.0,28.0,14.0,1001
240555002,2024-08-23T06:40:00Z,33.60318,19.9389,10.9,80.2,80,ISLAND TRADER,9055002,CALL2,1001.0,0,180.0,28.0,14.0,1001
240555003,2024-08-23T06:40:00Z,36.4065,16.13377,16.9,309.0,310,CMA CGM MED,9055003,CALL3,1001.0,0,180.0,28.0,14.0,1001
240555001,2024-08-23T06:40:00Z,35.02351,15.49041,12.9,259.7,260,GLOBAL HOPE,9055001,CALL1,1001.0,0,180.0,28.0,14.0,1001
240555003,2024-08-23T06:45:00Z,36.42167,16.1113,16.9,310.0,310,CMA CGM MED,9055003,CALL3,1001.0,0,180.0,28.0,14.0,1001
240555001,2024-08-23T06:45:00Z,35.02038,15.4687,13.0,260.3,260,GLOBAL HOPE,9055001,CALL1,1001.0,0,180.0,28.0,14.0,1001
240555002,2024-08-23T06:45:00Z,33.60583,19.95696,11.0,80.5,80,ISLAND TRADER,9055002,CALL2,1001.0,0,180.0,28.0,14.0,1001
240555001,2024-08-23T06:50:00Z,35.01724,15.447,13.0,259.4,260,GLOBAL HOPE,9055001,CALL1,1001.0,0,180.0,28.0,14.0,1001
240555002,2024-08-23T06:50:00Z,33.60849,19.97502,11.1,80.2,80,ISLAND TRADER,9055002,CALL2,1001.0,0,180.0,28.0,14.0,1001
240555003,2024-08-23T06:50:00Z,36.43685,16.08883,16.9,310.1,310,CMA CGM MED,9055003,CALL3,1001.0,0,180.0,28.0,14.0,1001
240555001,2024-08-23T06:55:00Z,35.01411,15.42529,13.0,259.3,260,GLOBAL HOPE,9055001,CALL1,1001.0,0,180.0,28.0,14.0,1001
240555002,2024-08-23T06:55:00Z,33.61114,19.99309,11.1,80.8,80,ISLAND TRADER,9055002,CALL2,1001.0,0,180.0,28.0,14.0,1001
240555003,2024-08-23T06:55:00Z,36.45202,16.06635,17.1,310.8,310,CMA CGM MED,9055003,CALL3,1001.0,0,180.0,28.0,14.0,1001
240555001,2024-08-23T07:00:00Z,35.01098,15.40358,12.9,259.8,260,GLOBAL HOPE,9055001,CALL1,1001.0,0,180.0,28.0,14.0,1001
240555003,2024-08-23T07:00:00Z,36.46719,16.04387,17.0,311.0,310,CMA CGM MED,9055003,CALL3,1001.0,0,180.0,28.0,14.0,1001
240555002,2024-08-23T07:00:00Z,33.61379,20.01115,10.9,79.3,80,ISLAND TRADER,9055002,CALL2,1001.0,0,180.0,28.0,14.0,1001
240555003,2024-08-23T07:05:00Z,36.48237,16.02138,17.0,309.7,310,CMA CGM MED,9055003,CALL3,1001.0,0,180.0,28.0,14.0,1001
240555001,2024-08-23T07:05:00Z,35.00784,15.38188,13.0,260.8,260,GLOBAL HOPE,9055001,CALL1,1001.0,0,180.0,28.0,14.0,1001
240555002,2024-08-23T07:05:00Z,33.61644,20.02921,11.1,81.2,80,ISLAND TRADER,9055002,CALL2,1001.0,0,180.0,28.0,14.0,1001
240555003,2024-08-23T07:10:00Z,36.49754,15.99889,17.0,309.7,310,CMA CGM MED,9055003,CALL3,1001.0,0,180.0,28.0,14.0,1001
240555001,2024-08-23T07:10:00Z,35.00471,15.36017,13.1,259.6,260,GLOBAL HOPE,9055001,CALL1,1001.0,0,180.0,28.0,14.0,1001
240555002,2024-08-23T07:10:00Z,33.6191,20.04728,11.0,79.1,80,ISLAND TRADER,9055002,CALL2,1001.0,0,180.0,28.0,14.0,1001
240555001,2024-08-23T07:15:00Z,35.00157,15.33847,13.2,260.1,260,GLOBAL HOPE,9055001,CALL1,1001.0,0,180.0,28.0,14.0,1001
240555002,2024-08-23T07:15:00Z,33.62175,20.06534,11.1,79.6,80,ISLAND TRADER,9055002,CALL2,1001.0,0,180.0,28.0,14.0,1001
240555003,2024-08-23T07:15:00Z,36.51272,15.9764,17.0,310.1,310,CMA CGM MED,9055003,CALL3,1001.0,0,180.0,28.0,14.0,1001
240555002,2024-08-23T07:20:00Z,33.6244,20.08341,11.1,79.4,80,ISLAND TRADER,9055002,CALL2,1001.0,0,180.0,28.0,14.0,1001
240555003,2024-08-23T07:20:00Z,36.52789,15.95389,17.1,309.3,310,CMA CGM MED,9055003,CALL3,1001.0,0,180.0,28.0,14.0,1001
240555001,2024-08-23T07:20:00Z,34.99844,15.31676,13.1,259.6,260,GLOBAL HOPE,9055001,CALL1,1001.0,0,180.0,28.0,14.0,1001
240555002,2024-08-23T07:25:00Z,33.62705,20.10147,10.8,80.4,80,ISLAND TRADER,9055002,CALL2,1001.0,0,180.0,28.0,14.0,1001
240555003,2024-08-23T07:25:00Z,36.54307,15.93139,17.2,309.7,310,CMA CGM MED,9055003,CALL3,1001.0,0,180.0,28.0,14.0,1001
240555001,2024-08-23T07:25:00Z,34.9953,15.29506,12.9,260.2,260,GLOBAL HOPE,9055001,CALL1,1001.0,0,180.0,28.0,14.0,1001
240555003,2024-08-23T07:30:00Z,36.55824,15.90888,17.1,309.9,310,CMA CGM MED,9055003,CALL3,1001.0,0,180.0,28.0,14.0,1001
240555001,2024-08-23T07:30:00Z,34.99217,15.27336,13.1,260.5,260,GLOBAL HOPE,9055001,CALL1,1001.0,0,180.0,28.0,14.0,1001
240555002,2024-08-23T07:30:00Z,33.62971,20.11954,10.9,79.4,80,ISLAND TRADER,9055002,CALL2,1001.0,0,180.0,28.0,14.0,1001
240555002,2024-08-23T07:35:00Z,33.63236,20.13761,11.0,80.2,80,ISLAND TRADER,9055002,CALL2,1001.0,0,180.0,28.0,14.0,1001
240555001,2024-08-23T07:35:00Z,34.98903,15.25166,12.9,260.2,260,GLOBAL HOPE,9055001,CALL1,1001.0,0,180.0,28.0,14.0,1001
240555003,2024-08-23T07:35:00Z,36.57341,15.88637,17.0,309.9,310,CMA CGM MED,9055003,CALL3,1001.0,0,180.0,28.0,14.0,1001
240555002,2024-08-23T07:40:00Z,33.63501,20.15567,11.1,80.3,80,ISLAND TRADER,9055002,CALL2,1001.0,0,180.0,28.0,14.0,1001
240555003,2024-08-23T07:40:00Z,36.58859,15.86385,17.1,309.8,310,CMA CGM MED,9055003,CALL3,1001.0,0,180.0,28.0,14.0,1001
240555001,2024-08-23T07:40:00Z,34.9859,15.22996,13.1,259.9,260,GLOBAL HOPE,9055001,CALL1,1001.0,0,180.0,28.0,14.0,1001
240555003,2024-08-23T07:45:00Z,36.60376,15.84133,16.9,309.8,310,CMA CGM MED,9055003,CALL3,1001.0,0,180.0,28.0,14.0,1001
240555002,2024-08-23T07:45:00Z,33.63766,20.17374,11.0,79.8,80,ISLAND TRADER,9055002,CALL2,1001.0,0,180.0,28.0,14.0,1001
240555001,2024-08-23T07:45:00Z,34.98276,15.20826,13.0,258.8,260,GLOBAL HOPE,9055001,CALL1,1001.0,0,180.0,28.0,14.0,1001
240555002,2024-08-23T07:50:00Z,33.64032,20.19181,11.1,79.5,80,ISLAND TRADER,9055002,CALL2,1001.0,0,180.0,28.0,14.0,1001
240555001,2024-08-23T07:50:00Z,34.97963,15.18656,13.0,259.7,260,GLOBAL HOPE,9055001,CALL1,1001.0,0,180.0,28.0,14.0,1001
240555003,2024-08-23T07:50:00Z,36.61894,15.8188,17.0,310.1,310,CMA CGM MED,9055003,CALL3,1001.0,0,180.0,28.0,14.0,1001
240555001,2024-08-23T07:55:00Z,34.97649,15.16486,13.0,260.5,260,GLOBAL HOPE,9055001,CALL1,1001.0,0,180.0,28.0,14.0,1001
240555003,2024-08-23T07:55:00Z,36.63411,15.79627,17.3,310.5,310,CMA CGM MED,9055003,CALL3,1001.0,0,180.0,28.0,14.0,1001
240555002,2024-08-23T07:55:00Z,33.64297,20.20988,11.1,79.3,80,ISLAND TRADER,9055002,CALL2,1001.0,0,180.0,28.0,14.0,1001
240555002,2024-08-23T08:00:00Z,33.64562,20.22795,11.0,80.0,80,ISLAND TRADER,9055002,CALL2,1001.0,0,180.0,28.0,14.0,1001
240555003,2024-08-23T08:00:00Z,36.64929,15.77373,17.0,309.6,310,CMA CGM MED,9055003,CALL3,1001.0,0,180.0,28.0,14.0,1001
240555001,2024-08-23T08:00:00Z,34.97336,15.14316,12.9,260.2,260,GLOBAL HOPE,9055001,CALL1,1001.0,0,180.0,28.0,14.0,1001
240555001,2024-08-23T08:05:00Z,34.97022,15.12147,13.1,259.9,260,GLOBAL HOPE,9055001,CALL1,1001.0,0,180.0,28.0,14.0,1001
240555002,2024-08-23T08:05:00Z,33.64827,20.24602,11.0,79.8,80,ISLAND TRADER,9055002,CALL2,1001.0,0,180.0,28.0,14.0,1001
240555003,2024-08-23T08:05:00Z,36.66446,15.75119,17.1,310.0,310,CMA CGM MED,9055003,CALL3,1001.0,0,180.0,28.0,14.0,1001
240555002,2024-08-23T08:10:00Z,33.65093,20.26409,11.0,79.5,80,ISLAND TRADER,9055002,CALL2,1001.0,0,180.0,28.0,14.0,1001
240555003,2024-08-23T08:10:00Z,36.67963,15.72865,17.2,310.4,310,CMA CGM MED,9055003,CALL3,1001.0,0,180.0,28.0,14.0,1001
240555001,2024-08-23T08:10:00Z,34.96709,15.09977,12.9,260.2,260,GLOBAL HOPE,9055001,CALL1,1001.0,0,180.0,28.0,14.0,1001
240555002,2024-08-23T08:15:00Z,33.65358,20.28216,10.9,79.1,80,ISLAND TRADER,9055002,CALL2,1001.0,0,180.0,28.0,14.0,1001
240555001,2024-08-23T08:15:00Z,34.96395,15.07808,13.0,260.4,260,GLOBAL HOPE,9055001,CALL1,1001.0,0,180.0,28.0,14.0,1001
240555003,2024-08-23T08:15:00Z,36.69481,15.7061,17.0,309.6,310,CMA CGM MED,9055003,CALL3,1001.0,0,180.0,28.0,14.0,1001
240555003,2024-08-23T08:20:00Z,36.70998,15.68355,17.0,309.8,310,CMA CGM MED,9055003,CALL3,1001.0,0,180.0,28.0,14.0,1001
240555001,2024-08-23T08:20:00Z,34.96082,15.05638,12.9,259.4,260,GLOBAL HOPE,9055001,CALL1,1001.0,0,180.0,28.0,14.0,1001
240555002,2024-08-23T08:20:00Z,33.65623,20.30023,11.0,80.9,80,ISLAND TRADER,9055002,CALL2,1001.0,0,180.0,28.0,14.0,1001
240555003,2024-08-23T08:25:00Z,36.72516,15.66099,16.9,309.3,310,CMA CGM MED,9055003,CALL3,1001.0,0,180.0,28.0,14.0,1001
240555002,2024-08-23T08:25:00Z,33.65888,20.3183,11.0,80.2,80,ISLAND TRADER,9055002,CALL2,1001.0,0,180.0,28.0,14.0,1001
240555001,2024-08-23T08:25:00Z,34.95768,15.03469,13.2,261.0,260,GLOBAL HOPE,9055001,CALL1,1001.0,0,180.0,28.0,14.0,1001
240555001,2024-08-23T08:30:00Z,34.95455,15.013,13.1,260.4,260,GLOBAL HOPE,9055001,CALL1,1001.0,0,180.0,28.0,14.0,1001
240555003,2024-08-23T08:30:00Z,36.74033,15.63843,17.0,309.6,310,CMA CGM MED,9055003,CALL3,1001.0,0,180.0,28.0,14.0,1001
240555002,2024-08-23T08:30:00Z,33.66154,20.33638,10.9,79.5,80,ISLAND TRADER,9055002,CALL2,1001.0,0,180.0,28.0,14.0,1001
240555002,2024-08-23T08:35:00Z,33.66419,20.35445,10.8,79.3,80,ISLAND TRADER,9055002,CALL2,1001.0,0,180.0,28.0,14.0,1001
240555001,2024-08-23T08:35:00Z,34.95141,14.99131,13.0,259.4,260,GLOBAL HOPE,9055001,CALL1,1001.0,0,180.0,28.0,14.0,1001
240555003,2024-08-23T08:35:00Z,36.75551,15.61586,17.1,310.5,310,CMA CGM MED,9055003,CALL3,1001.0,0,180.0,28.0,14.0,1001
240555001,2024-08-23T08:40:00Z,34.94828,14.96962,13.1,260.6,260,GLOBAL HOPE,9055001,CALL1,1001.0,0,180.0,28.0,14.0,1001
240555003,2024-08-23T08:40:00Z,36.77068,15.59329,17.0,309.5,310,CMA CGM MED,9055003,CALL3,1001.0,0,180.0,28.0,14.0,1001
240555002,2024-08-23T08:40:00Z,33.66684,20.37253,10.9,80.2,80,ISLAND TRADER,9055002,CALL2,1001.0,0,180.0,28.0,14.0,1001
240555001,2024-08-23T08:45:00Z,34.94514,14.94793,13.0,260.0,260,GLOBAL HOPE,9055001,CALL1,1001.0,0,180.0,28.0,14.0,1001
240555002,2024-08-23T08:45:00Z,33.66949,20.3906,11.1,79.5,80,ISLAND TRADER,9055002,CALL2,1001.0,0,180.0,28.0,14.0,1001
240555003,2024-08-23T08:45:00Z,36.78585,15.57071,17.0,310.3,310,CMA CGM MED,9055003,CALL3,1001.0,0,180.0,28.0,14.0,1001
240555003,2024-08-23T08:50:00Z,36.80103,15.54813,17.1,310.2,310,CMA CGM MED,9055003,CALL3,1001.0,0,180.0,28.0,14.0,1001
240555001,2024-08-23T08:50:00Z,34.94201,14.92624,13.0,259.8,260,GLOBAL HOPE,9055001,CALL1,1001.0,0,180.0,28.0,14.0,1001
240555002,2024-08-23T08:50:00Z,33.67215,20.40868,11.0,79.2,80,ISLAND TRADER,9055002,CALL2,1001.0,0,180.0,28.0,14.0,1001
240555003,2024-08-23T08:55:00Z,36.8162,15.52555,17.0,310.4,310,CMA CGM MED,9055003,CALL3,1001.0,0,180.0,28.0,14.0,1001
240555001,2024-08-23T08:55:00Z,34.93888,14.90455,13.0,259.6,260,GLOBAL HOPE,9055001,CALL1,1001.0,0,180.0,28.0,14.0,1001
240555002,2024-08-23T08:55:00Z,33.6748,20.42675,11.0,80.3,80,ISLAND TRADER,9055002,CALL2,1001.0,0,180.0,28.0,14.0,1001
240555002,2024-08-23T09:00:00Z,33.67745,20.44483,10.9,79.4,80,ISLAND TRADER,9055002,CALL2,1001.0,0,180.0,28.0,14.0,1001
240555001,2024-08-23T09:00:00Z,34.93574,14.88286,13.0,259.9,260,GLOBAL HOPE,9055001,CALL1,1001.0,0,180.0,28.0,14.0,1001
240555003,2024-08-23T09:00:00Z,36.83138,15.50296,17.0,310.1,310,CMA CGM MED,9055003,CALL3,1001.0,0,180.0,28.0,14.0,1001
240555001,2024-08-23T09:05:00Z,34.93261,14.86118,13.0,260.0,260,GLOBAL HOPE,9055001,CALL1,1001.0,0,180.0,28.0,14.0,1001
240555003,2024-08-23T09:05:00Z,36.84655,15.48036,17.1,310.2,310,CMA CGM MED,9055003,CALL3,1001.0,0,180.0,28.0,14.0,1001
240555002,2024-08-23T09:05:00Z,33.6801,20.4629,11.0,79.6,80,ISLAND TRADER,9055002,CALL2,1001.0,0,180.0,28.0,14.0,1001
240555002,2024-08-23T09:10:00Z,33.68276,20.48098,11.0,80.3,80,ISLAND TRADER,9055002,CALL2,1001.0,0,180.0,28.0,14.0,1001
240555003,2024-08-23T09:10:00Z,36.86173,15.45777,16.7,310.2,310,CMA CGM MED,9055003,CALL3,1001.0,0,180.0,28.0,14.0,1001
240555001,2024-08-23T09:10:00Z,34.92947,14.83949,13.0,260.4,260,GLOBAL HOPE,9055001,CALL1,1001.0,0,180.0,28.0,14.0,1001
240555003,2024-08-23T09:15:00Z,36.8769,15.43516,17.1,310.5,310,CMA CGM MED,9055003,CALL3,1001.0,0,180.0,28.0,14.0,1001
240555002,2024-08-23T09:15:00Z,33.68541,20.49906,11.0,79.4,80,ISLAND TRADER,9055002,CALL2,1001.0,0,180.0,28.0,14.0,1001
240555001,2024-08-23T09:15:00Z,34.92634,14.81781,13.0,259.3,260,GLOBAL HOPE,9055001,CALL1,1001.0,0,180.0,28.0,14.0,1001
240555003,2024-08-23T09:20:00Z,36.89208,15.41256,16.9,309.4,310,CMA CGM MED,9055003,CALL3,1001.0,0,180.0,28.0,14.0,1001
240555001,2024-08-23T09:20:00Z,34.9232,14.79612,13.1,260.0,260,GLOBAL HOPE,9055001,CALL1,1001.0,0,180.0,28.0,14.0,1001
240555002,2024-08-23T09:20:00Z,33.68806,20.51714,11.0,80.3,80,ISLAND TRADER,9055002,CALL2,1001.0,0,180.0,28.0,14.0,1001
240555001,2024-08-23T09:25:00Z,34.92007,14.77444,12.9,260.7,260,GLOBAL HOPE,9055001,CALL1,1001.0,0,180.0,28.0,14.0,1001
240555002,2024-08-23T09:25:00Z,33.69071,20.53522,11.0,80.1,80,ISLAND TRADER,9055002,CALL2,1001.0,0,180.0,28.0,14.0,1001
240555003,2024-08-23T09:25:00Z,36.90725,15.38994,17.0,309.3,310,CMA CGM MED,9055003,CALL3,1001.0,0,180.0,28.0,14.0,1001
240555003,2024-08-23T09:30:00Z,36.92242,15.36733,17.0,310.0,310,CMA CGM MED,9055003,CALL3,1001.0,0,180.0,28.0,14.0,1001
240555001,2024-08-23T09:30:00Z,34.91693,14.75276,13.0,261.3,260,GLOBAL HOPE,9055001,CALL1,1001.0,0,180.0,28.0,14.0,1001
240555002,2024-08-23T09:30:00Z,33.69337,20.5533,11.0,80.1,80,ISLAND TRADER,9055002,CALL2,1001.0,0,180.0,28.0,14.0,1001
240555002,2024-08-23T09:35:00Z,33.69602,20.57138,11.1,79.4,80,ISLAND TRADER,9055002,CALL2,1001.0,0,180.0,28.0,14.0,1001
240555003,2024-08-23T09:35:00Z,36.9376,15.34471,17.0,310.7,310,CMA CGM MED,9055003,CALL3,1001.0,0,180.0,28.0,14.0,1001
240555001,2024-08-23T09:35:00Z,34.9138,14.73108,13.1,260.2,260,GLOBAL HOPE,9055001,CALL1,1001.0,0,180.0,28.0,14.0,1001
240555002,2024-08-23T09:40:00Z,33.69867,20.58946,10.7,79.8,80,ISLAND TRADER,9055002,CALL2,1001.0,0,180.0,28.0,14.0,1001
240555001,2024-08-23T09:40:00Z,34.91066,14.7094,13.0,259.1,260,GLOBAL HOPE,9055001,CALL1,1001.0,0,180.0,28.0,14.0,1001
240555003,2024-08-23T09:40:00Z,36.95277,15.32208,17.0,310.0,310,CMA CGM MED,9055003,CALL3,1001.0,0,180.0,28.0,14.0,1001
240555003,2024-08-23T09:45:00Z,36.96795,15.29945,16.9,311.3,310,CMA CGM MED,9055003,CALL3,1001.0,0,180.0,28.0,14.0,1001
240555001,2024-08-23T09:45:00Z,34.90753,14.68772,12.8,259.8,260,GLOBAL HOPE,9055001,CALL1,1001.0,0,180.0,28.0,14.0,1001
240555002,2024-08-23T09:45:00Z,33.70132,20.60754,11.0,79.8,80,ISLAND TRADER,9055002,CALL2,1001.0,0,180.0,28.0,14.0,1001
240555001,2024-08-23T09:50:00Z,34.90439,14.66604,13.0,259.7,260,GLOBAL HOPE,9055001,CALL1,1001.0,0,180.0,28.0,14.0,1001
240555002,2024-08-23T09:50:00Z,33.70398,20.62562,10.9,79.6,80,ISLAND TRADER,9055002,CALL2,1001.0,0,180.0,28.0,14.0,1001
240555003,2024-08-23T09:50:00Z,36.98312,15.27682,16.8,309.9,310,CMA CGM MED,9055003,CALL3,1001.0,0,180.0,28.0,14.0,1001
240555002,2024-08-23T09:55:00Z,33.70663,20.6437,11.1,80.8,80,ISLAND TRADER,9055002,CALL2,1001.0,0,180.0,28.0,14.0,1001
240555001,2024-08-23T09:55:00Z,34.90126,14.64436,13.0,259.3,260,GLOBAL HOPE,9055001,CALL1,1001.0,0,180.0,28.0,14.0,1001
240555003,2024-08-23T09:55:00Z,36.9983,15.25418,17.0,310.1,310,CMA CGM MED,9055003,CALL3,1001.0,0,180.0,28.0,14.0,1001
240555003,2024-08-23T10:00:00Z,37.01347,15.23154,17.1,309.7,310,CMA CGM MED,9055003,CALL3,1001.0,0,180.0,28.0,14.0,1001
240555002,2024-08-23T10:00:00Z,33.70928,20.66179,11.0,79.8,80,ISLAND TRADER,9055002,CALL2,1001.0,0,180.0,28.0,14.0,1001
240555001,2024-08-23T10:00:00Z,34.89812,14.62269,12.9,260.0,260,GLOBAL HOPE,9055001,CALL1,1001.0,0,180.0,28.0,14.0,1001
240555002,2024-08-23T10:05:00Z,33.71193,20.67987,11.1,80.4,80,ISLAND TRADER,9055002,CALL2,1001.0,0,180.0,28.0,14.0,1001
240555001,2024-08-23T10:05:00Z,34.89499,14.60101,13.1,258.8,260,GLOBAL HOPE,9055001,CALL1,1001.0,0,180.0,28.0,14.0,1001
240555003,2024-08-23T10:05:00Z,37.02864,15.20889,17.1,310.4,310,CMA CGM MED,9055003,CALL3,1001.0,0,180.0,28.0,14.0,1001
240555002,2024-08-23T10:10:00Z,33.71459,20.69795,10.9,80.3,80,ISLAND TRADER,9055002,CALL2,1001.0,0,180.0,28.0,14.0,1001
240555001,2024-08-23T10:10:00Z,34.89185,14.57933,13.0,260.0,260,GLOBAL HOPE,9055001,CALL1,1001.0,0,180.0,28.0,14.0,1001
240555003,2024-08-23T10:10:00Z,37.04382,15.18624,17.1,309.2,310,CMA CGM MED,9055003,CALL3,1001.0,0,180.0,28.0,14.0,1001
240555002,2024-08-23T10:15:00Z,33.71724,20.71604,11.0,80.2,80,ISLAND TRADER,9055002,CALL2,1001.0,0,180.0,28.0,14.0,1001
240555001,2024-08-23T10:15:00Z,34.88872,14.55766,13.1,260.0,260,GLOBAL HOPE,9055001,CALL1,1001.0,0,180.0,28.0,14.0,1001
240555003,2024-08-23T10:15:00Z,37.05899,15.16358,16.9,311.1,310,CMA CGM MED,9055003,CALL3,1001.0,0,180.0,28.0,14.0,1001
240555002,2024-08-23T10:20:00Z,33.71989,20.73412,11.0,79.8,80,ISLAND TRADER,9055002,CALL2,1001.0,0,180.0,28.0,14.0,1001
240555001,2024-08-23T10:20:00Z,34.88558,14.53599,12.9,260.3,260,GLOBAL HOPE,9055001,CALL1,1001.0,0,180.0,28.0,14.0,1001
240555003,2024-08-23T10:20:00Z,37.07417,15.14092,17.0,309.5,310,CMA CGM MED,9055003,CALL3,1001.0,0,180.0,28.0,14.0,1001
240555003,2024-08-23T10:25:00Z,37.08934,15.11825,17.0,309.3,310,CMA CGM MED,9055003,CALL3,1001.0,0,180.0,28.0,14.0,1001
240555001,2024-08-23T10:25:00Z,34.88245,14.51431,12.9,260.7,260,GLOBAL HOPE,9055001,CALL1,1001.0,0,180.0,28.0,14.0,1001
240555002,2024-08-23T10:25:00Z,33.72254,20.75221,11.1,79.9,80,ISLAND TRADER,9055002,CALL2,1001.0,0,180.0,28.0,14.0,1001
240555002,2024-08-23T10:30:00Z,33.7252,20.7703,11.0,80.3,80,ISLAND TRADER,9055002,CALL2,1001.0,0,180.0,28.0,14.0,1001
240555001,2024-08-23T10:30:00Z,34.87931,14.49264,13.1,260.3,260,GLOBAL HOPE,9055001,CALL1,1001.0,0,180.0,28.0,14.0,1001
240555003,2024-08-23T10:30:00Z,37.10452,15.09558,17.1,310.3,310,CMA CGM MED,9055003,CALL3,1001.0,0,180.0,28.0,14.0,1001
240555001,2024-08-23T10:35:00Z,34.87618,14.47097,12.9,259.6,260,GLOBAL HOPE,9055001,CALL1,1001.0,0,180.0,28.0,14.0,1001
240555003,2024-08-23T10:35:00Z,37.11969,15.07291,17.0,310.7,310,CMA CGM MED,9055003,CALL3,1001.0,0,180.0,28.0,14.0,1001
240555002,2024-08-23T10:35:00Z,33.72785,20.78838,10.9,80.7,80,ISLAND TRADER,9055002,CALL2,1001.0,0,180.0,28.0,14.0,1001
240555003,2024-08-23T10:40:00Z,37.13486,15.05023,16.9,309.7,310,CMA CGM MED,9055003,CALL3,1001.0,0,180.0,28.0,14.0,1001
240555001,2024-08-23T10:40:00Z,34.87304,14.4493,12.9,260.7,260,GLOBAL HOPE,9055001,CALL1,1001.0,0,180.0,28.0,14.0,1001
240555002,2024-08-23T10:40:00Z,33.7305,20.80647,11.1,79.8,80,ISLAND TRADER,9055002,CALL2,1001.0,0,180.0,28.0,14.0,1001
240555001,2024-08-23T10:45:00Z,34.86991,14.42763,13.0,259.4,260,GLOBAL HOPE,9055001,CALL1,1001.0,0,180.0,28.0,14.0,1001
240555002,2024-08-23T10:45:00Z,33.73315,20.82456,10.9,78.2,80,ISLAND TRADER,9055002,CALL2,1001.0,0,180.0,28.0,14.0,1001
240555003,2024-08-23T10:45:00Z,37.15004,15.02754,16.9,309.5,310,CMA CGM MED,9055003,CALL3,1001.0,0,180.0,28.0,14.0,1001
240555002,2024-08-23T10:50:00Z,33.73581,20.84265,11.0,80.1,80,ISLAND TRADER,9055002,CALL2,1001.0,0,180.0,28.0,14.0,1001
240555003,2024-08-23T10:50:00Z,37.16521,15.00486,16.9,309.7,310,CMA CGM MED,9055003,CALL3,1001.0,0,180.0,28.0,14.0,1001
240555001,2024-08-23T10:50:00Z,34.86678,14.40596,13.0,260.7,260,GLOBAL HOPE,9055001,CALL1,1001.0,0,180.0,28.0,14.0,1001
240555002,2024-08-23T10:55:00Z,33.73846,20.86074,11.0,78.9,80,ISLAND TRADER,9055002,CALL2,1001.0,0,180.0,28.0,14.0,1001
240555003,2024-08-23T10:55:00Z,37.18039,14.98216,17.1,309.7,310,CMA CGM MED,9055003,CALL3,1001.0,0,180.0,28.0,14.0,1001
240555001,2024-08-23T10:55:00Z,34.86364,14.38429,12.9,260.8,260,GLOBAL HOPE,9055001,CALL1,1001.0,0,180.0,28.0,14.0,1001
240555003,2024-08-23T11:00:00Z,37.19556,14.95947,16.8,310.7,310,CMA CGM MED,9055003,CALL3,1001.0,0,180.0,28.0,14.0,1001
240555002,2024-08-23T11:00:00Z,33.74111,20.87883,11.0,79.9,80,ISLAND TRADER,9055002,CALL2,1001.0,0,180.0,28.0,14.0,1001
240555001,2024-08-23T11:00:00Z,34.86051,14.36263,13.1,260.0,260,GLOBAL HOPE,9055001,CALL1,1001.0,0,180.0,28.0,14.0,1001
240555003,2024-08-23T11:05:00Z,37.21074,14.93676,16.9,310.3,310,CMA CGM MED,9055003,CALL3,1001.0,0,180.0,28.0,14.0,1001
240555001,2024-08-23T11:05:00Z,34.85737,14.34096,13.0,259.1,260,GLOBAL HOPE,9055001,CALL1,1001.0,0,180.0,28.0,14.0,1001
240555002,2024-08-23T11:05:00Z,33.74376,20.89692,11.0,81.4,80,ISLAND TRADER,9055002,CALL2,1001.0,0,180.0,28.0,14.0,1001
240555002,2024-08-23T11:10:00Z,33.74642,20.91501,11.0,80.1,80,ISLAND TRADER,9055002,CALL2,1001.0,0,180.0,28.0,14.0,1001
240555001,2024-08-23T11:10:00Z,34.85424,14.31929,13.0,260.4,260,GLOBAL HOPE,9055001,CALL1,1001.0,0,180.0,28.0,14.0,1001
240555003,2024-08-23T11:10:00Z,37.22591,14.91406,17.1,310.0,310,CMA CGM MED,9055003,CALL3,1001.0,0,180.0,28.0,14.0,1001
240555003,2024-08-23T11:15:00Z,37.24108,14.89134,17.0,309.6,310,CMA CGM MED,9055003,CALL3,1001.0,0,180.0,28.0,14.0,1001
240555001,2024-08-23T11:15:00Z,34.8511,14.29763,13.2,259.5,260,GLOBAL HOPE,9055001,CALL1,1001.0,0,180.0,28.0,14.0,1001
240555002,2024-08-23T11:15:00Z,33.74907,20.9331,11.0,80.2,80,ISLAND TRADER,9055002,CALL2,1001.0,0,180.0,28.0,14.0,1001
240555001,2024-08-23T11:20:00Z,34.84797,14.27597,13.1,260.3,260,GLOBAL HOPE,9055001,CALL1,1001.0,0,180.0,28.0,14.0,1001
240555003,2024-08-23T11:20:00Z,37.25626,14.86863,17.0,310.3,310,CMA CGM MED,9055003,CALL3,1001.0,0,180.0,28.0,14.0,1001
240555002,2024-08-23T11:20:00Z,33.75172,20.95119,11.1,80.4,80,ISLAND TRADER,9055002,CALL2,1001.0,0,180.0,28.0,14.0,1001
240555001,2024-08-23T11:25:00Z,34.84483,14.2543,13.0,260.3,260,GLOBAL HOPE,9055001,CALL1,1001.0,0,180.0,28.0,14.0,1001
240555002,2024-08-23T11:25:00Z,33.75437,20.96928,11.0,80.7,80,ISLAND TRADER,9055002,CALL2,1001.0,0,180.0,28.0,14.0,1001
240555003,2024-08-23T11:25:00Z,37.27143,14.84591,16.9,309.9,310,CMA CGM MED,9055003,CALL3,1001.0,0,180.0,28.0,14.0,1001
240555002,2024-08-23T11:30:00Z,33.75703,20.98738,11.1,79.1,80,ISLAND TRADER,9055002,CALL2,1001.0,0,180.0,28.0,14.0,1001
240555003,2024-08-23T11:30:00Z,37.28661,14.82318,17.1,310.9,310,CMA CGM MED,9055003,CALL3,1001.0,0,180.0,28.0,14.0,1001
240555001,2024-08-23T11:30:00Z,34.8417,14.23264,13.0,260.3,260,GLOBAL HOPE,9055001,CALL1,1001.0,0,180.0,28.0,14.0,1001
240555002,2024-08-23T11:35:00Z,33.75968,21.00547,11.0,80.9,80,ISLAND TRADER,9055002,CALL2,1001.0,0,180.0,28.0,14.0,1001
240555001,2024-08-23T11:35:00Z,34.83856,14.21098,12.9,259.8,260,GLOBAL HOPE,9055001,CALL1,1001.0,0,180.0,28.0,14.0,1001
240555003,2024-08-23T11:35:00Z,37.30178,14.80045,17.1,310.0,310,CMA CGM MED,9055003,CALL3,1001.0,0,180.0,28.0,14.0,1001
240555003,2024-08-23T11:40:00Z,37.31696,14.77772,16.9,310.0,310,CMA CGM MED,9055003,CALL3,1001.0,0,180.0,28.0,14.0,1001
240555002,2024-08-23T11:40:00Z,33.76233,21.02356,11.0,79.3,80,ISLAND TRADER,9055002,CALL2,1001.0,0,180.0,28.0,14.0,1001
240555001,2024-08-23T11:40:00Z,34.83543,14.18932,12.8,259.8,260,GLOBAL HOPE,9055001,CALL1,1001.0,0,180.0,28.0,14.0,1001
240555002,2024-08-23T11:45:00Z,33.76498,21.04166,11.2,80.4,80,ISLAND TRADER,9055002,CALL2,1001.0,0,180.0,28.0,14.0,1001
240555001,2024-08-23T11:45:00Z,34.83229,14.16766,12.9,259.5,260,GLOBAL HOPE,9055001,CALL1,1001.0,0,180.0,28.0,14.0,1001
240555003,2024-08-23T11:45:00Z,37.33213,14.75498,17.2,310.2,310,CMA CGM MED,9055003,CALL3,1001.0,0,180.0,28.0,14.0,1001
240555003,2024-08-23T11:50:00Z,37.3473,14.73224,17.0,310.0,310,CMA CGM MED,9055003,CALL3,1001.0,0,180.0,28.0,14.0,1001
240555002,2024-08-23T11:50:00Z,33.76764,21.05975,10.9,80.2,80,ISLAND TRADER,9055002,CALL2,1001.0,0,180.0,28.0,14.0,1001
240555001,2024-08-23T11:50:00Z,34.82916,14.146,13.1,259.0,260,GLOBAL HOPE,9055001,CALL1,1001.0,0,180.0,28.0,14.0,1001
240555003,2024-08-23T11:55:00Z,37.36248,14.70949,17.1,310.0,310,CMA CGM MED,9055003,CALL3,1001.0,0,180.0,28.0,14.0,1001
240555001,2024-08-23T11:55:00Z,34.82602,14.12434,13.1,260.6,260,GLOBAL HOPE,9055001,CALL1,1001.0,0,180.0,28.0,14.0,1001
240555002,2024-08-23T11:55:00Z,33.77029,21.07785,10.9,80.1,80,ISLAND TRADER,9055002,CALL2,1001.0,0,180.0,28.0,14.0,1001
240555002,2024-08-23T12:00:00Z,33.77294,21.09595,11.2,79.1,80,ISLAND TRADER,9055002,CALL2,1001.0,0,180.0,28.0,14.0,1001
240555001,2024-08-23T12:00:00Z,34.82289,14.10268,13.2,259.2,260,GLOBAL HOPE,9055001,CALL1,1001.0,0,180.0,28.0,14.0,1001
240555003,2024-08-23T12:00:00Z,37.37765,14.68674,17.0,310.0,310,CMA CGM MED,9055003,CALL3,1001.0,0,180.0,28.0,14.0,1001
